"CountryName","iso2","Year","scale20","S_GDPpercapitaUS","S_RealGDPgrowth","S_NetGGdebtGDP","S_GGbalanceGDP","S_NarrownetextdebtCARs","S_CurrentaccountbalanceGDP","ln_S_GDPpercapitaUS","ln_S_GDPpercapitaUS_Z","S_RealGDPgrowth_Z"
"Albania","AL",2015,6,4573.42,3.72966082858168,70.22,-5.17,23.51,-10.81,8.42801656286953,8.42801656286953,3.72966082858168
"Albania","AL",2016,7,3945.83,-13.7225533626914,70.34,-4.06,19.71,-8.61,8.2804146040529,8.2804146040529,-13.7225533626914
"Albania","AL",2017,7,4124.79,4.53542093805359,70.22,-1.81,11.83,-7.57,8.32477038838196,8.32477038838196,4.53542093805359
"Albania","AL",2018,7,4527.94,9.77383091017967,67.1,-1.99,12.22,-7.51,8.41802236891183,8.41802236891183,9.77383091017967
"Albania","AL",2019,7,5261.6,16.2029532193448,63,-1.61,7.34,-6.73,8.56819044198714,8.56819044198714,16.2029532193448
"Albania","AL",2020,7,5432.8,3.2537631138817,63.06,-2.5,11.23,-6.89,8.60020993379958,8.60020993379958,3.2537631138817
"Angola","AO",2015,7,5412.69,2.93396673138837,13.03,-5.72,9.49,-2.57,8.59650147562071,8.59650147562071,2.93396673138837
"Angola","AO",2016,6,4170.73,-22.9453377156275,24.18,-2.92,35.31,-8.84,8.33584635942368,8.33584635942368,-22.9453377156275
"Angola","AO",2017,5,3509.6,-15.8516614597444,50.01,-3.83,83.95,-3.05,8.163257349852,8.163257349852,-15.8516614597444
"Angola","AO",2018,5,4100.29,16.8306929564623,54.13,-6.31,82.67,-0.52,8.31881298189835,8.31881298189835,16.8306929564623
"Angola","AO",2019,5,3418.53,-16.6271166185806,73.05,1.7,79.23,7.04,8.13696591309419,8.13696591309419,-16.6271166185806
"Angola","AO",2020,5,2796.38,-18.1993429924558,72.06,-0.2,102.4,2.58,7.93608100255962,7.93608100255962,-18.1993429924558
"Argentina","AR",2015,1,13289.36,-8.55445778920959,31.19,-4.24,116.73,-1.62,9.49471899403908,9.49471899403908,-8.55445778920959
"Argentina","AR",2016,5,14951.86,12.5100080064051,42.57,-4.63,154.58,-2.73,9.61259098579568,9.61259098579568,12.5100080064051
"Argentina","AR",2017,7,12782.67,-14.5078271198366,45.46,-6.9,153.58,-2.71,9.45584562629854,9.45584562629854,-14.5078271198366
"Argentina","AR",2018,6,14500.77,13.4408539061088,49.43,-6.29,192.21,-4.92,9.581957030447,9.581957030447,13.4408539061088
"Argentina","AR",2019,1,11739.16,-19.0445748742998,75.54,-5.73,180.34,-5.23,9.37068554056671,9.37068554056671,-19.0445748742998
"Argentina","AR",2020,2,9964.06,-15.12118413924,87.17,-4.72,182.57,-0.1,9.20673989804198,9.20673989804198,-15.12118413924
"Aruba","AW",2015,13,25647.72,0.98931071916688,33.53,-6.08,14.77,-5.07,10.1522099577592,10.1522099577592,0.98931071916688
"Aruba","AW",2016,13,26730.45,4.22154483907342,34.25,-2.75,10.62,2.56,10.1935586440081,10.1935586440081,4.22154483907342
"Aruba","AW",2017,13,26812.53,0.307065537617213,36.94,-1.6,1,2.73,10.1966245945509,10.1966245945509,0.307065537617213
"Aruba","AW",2018,13,27697.05,3.29890539982614,36.59,0.4,-3.11,0.2,10.2290811883091,10.2290811883091,3.29890539982614
"Aruba","AW",2019,13,28898.6,4.33818764092204,36.44,-0.31,-1.71,-0.29,10.2715484300206,10.2715484300206,4.33818764092204
"Aruba","AW",2020,13,29409.78,1.76887461676345,35.52,-0.14,-5.5,-0.34,10.2890825510712,10.2890825510712,1.76887461676345
"Australia","AU",2015,20,62549.61,-8.23194648517361,12.4,-3.02,265.31,-3.12,11.0437152808636,11.0437152808636,-8.23194648517361
"Australia","AU",2016,20,56738.19,-9.29089725739297,13.62,-2.2,266.49,-3.69,10.9462028079598,10.9462028079598,-9.29089725739297
"Australia","AU",2017,20,49976.66,-11.917070318951,15.68,-2.37,318.14,-4.66,10.8193113754252,10.8193113754252,-11.917070318951
"Australia","AU",2018,20,54069.63,8.18976298135969,15.89,-2.1,270.09,-2.17,10.8980279393713,10.8980279393713,8.18976298135969
"Australia","AU",2019,20,57398.88,6.1573382322017,17.21,-1.07,255.73,-2.76,10.9577800699222,10.9577800699222,6.1573382322017
"Australia","AU",2020,20,54836.36,-4.46440766788481,16.78,-0.32,243.87,-0.7,10.9121087565645,10.9121087565645,-4.46440766788481
"Austria","AT",2015,19,52021.12,2.20604704127527,78.38,-2.73,108.64,2.47,10.8594050689516,10.8594050689516,2.20604704127527
"Austria","AT",2016,19,44492.72,-14.4718145245623,78.81,-1.01,119.27,1.73,10.7030808592655,10.7030808592655,-14.4718145245623
"Austria","AT",2017,19,45456.74,2.16669153964963,75.46,-1.54,109.88,2.73,10.7245163834405,10.7245163834405,2.16669153964963
"Austria","AT",2018,19,47683.76,4.89920746626353,71.85,-0.74,121.38,1.55,10.7723461576904,10.7723461576904,4.89920746626353
"Austria","AT",2019,19,51633.64,8.28349106697961,68.91,0.2,99.74,2.33,10.8519286770349,10.8519286770349,8.28349106697961
"Austria","AT",2020,19,50309.58,-2.5643359639181,66.42,0,113.68,1.91,10.8259507952096,10.8259507952096,-2.5643359639181
"Azerbaijan","AZ",2015,11,7939.11,0.164141254841588,-39.36,2.82,-86.95,13.57,8.97955645727845,8.97955645727845,0.164141254841588
"Azerbaijan","AZ",2016,10,5532.81,-30.3094427461013,-61.57,-4.88,-85.12,-0.42,8.61845110289046,8.61845110289046,-30.3094427461013
"Azerbaijan","AZ",2017,10,3901.56,-29.4832101590331,-41.81,-1.19,-66.95,-3.6,8.26913175213907,8.26913175213907,-29.4832101590331
"Azerbaijan","AZ",2018,10,4165.81,6.77293185289989,-30.13,-1.57,-67.28,4.12,8.33466601348371,8.33466601348371,6.77293185289989
"Azerbaijan","AZ",2019,10,4742.24,13.8371649211078,-32.74,5.9,-64.9,12.89,8.46426487690093,8.46426487690093,13.8371649211078
"Azerbaijan","AZ",2020,10,4668.47,-1.55559398090352,-38.5,5.1,-75.41,8.08,8.44858667385642,8.44858667385642,-1.55559398090352
"Bahamas","BS",2015,11,28556.21,1.98664640472572,37.21,-3.5,43.26,-20.09,10.2596297045665,10.2596297045665,1.98664640472572
"Bahamas","BS",2016,10,30380.42,6.38813764151476,37.26,-2.63,47.12,-13.7,10.321553600939,10.321553600939,6.38813764151476
"Bahamas","BS",2017,10,30514.89,0.442620608931676,39.78,-5.72,33.58,-6,10.3259700401876,10.3259700401876,0.442620608931676
"Bahamas","BS",2018,10,30732.42,0.712865096351312,46.18,-3.53,45.51,-12.42,10.3330734024306,10.3330734024306,0.712865096351312
"Bahamas","BS",2019,10,32956.23,7.23603933565924,48.78,-1.78,42.96,-11.97,10.4029355964134,10.4029355964134,7.23603933565924
"Bahamas","BS",2020,10,33523.32,1.72073686826435,49.05,-5.37,33.43,-10.53,10.4199965950374,10.4199965950374,1.72073686826435
"Bahrain","BH",2015,11,25398.33,-2.18379410106387,17.74,-3.39,-46.13,4.56,10.1424387028136,10.1424387028136,-2.18379410106387
"Bahrain","BH",2016,8,22714.3,-10.5677420523318,33.74,-12.97,-51.28,-2.42,10.0307499610777,10.0307499610777,-10.5677420523318
"Bahrain","BH",2017,7,22664.56,-0.21898099435157,45.65,-13.47,-47.86,-4.63,10.0285577499944,10.0285577499944,-0.21898099435157
"Bahrain","BH",2018,7,23516.09,3.75709918921876,53.55,-10.06,-53.39,-4.11,10.0654401466963,10.0654401466963,3.75709918921876
"Bahrain","BH",2019,7,25115.09,6.79959976339604,63.21,-6.3,-38.48,-6.45,10.1312241396936,10.1312241396936,6.79959976339604
"Bahrain","BH",2020,7,25518.03,1.60437410337768,67.2,-5.7,-36.25,-4.39,10.1471405401217,10.1471405401217,1.60437410337768
"Bangladesh","BD",2015,8,1085.67,11.443352939365,24.13,-3.09,22.69,0.81,6.98995258691351,6.98995258691351,11.443352939365
"Bangladesh","BD",2016,8,1206.36,11.1166376523253,22.91,-3.4,13.61,1.48,7.09536284020533,7.09536284020533,11.1166376523253
"Bangladesh","BD",2017,8,1355.23,12.340429059319,23.1,-3.71,12.02,1.93,7.21172646060673,7.21172646060673,12.340429059319
"Bangladesh","BD",2018,8,1491.67,10.067663791386,23.15,-4.52,17.4,-0.54,7.30765157667522,7.30765157667522,10.067663791386
"Bangladesh","BD",2019,8,1618.77,8.52065135049978,23.81,-5.64,33.54,-3.55,7.38942188058388,7.38942188058388,8.52065135049978
"Bangladesh","BD",2020,8,1782.52,10.1157051341451,25.23,-4.1,38.75,-1.75,7.48578337242186,7.48578337242186,10.1157051341451
"Barbados","BB",2015,6,16832.8,0.04850029480572,122.87,-5.55,58.89,-9.22,9.7310846429251,9.7310846429251,0.04850029480572
"Barbados","BB",2016,5,16833.27,0.00279216767264945,132.47,-6.55,61.86,-6.12,9.73111256421203,9.73111256421203,0.00279216767264945
"Barbados","BB",2017,4,17173.43,2.02076007810723,138.71,-3.4,61.4,-4.26,9.75111870097627,9.75111870097627,2.02076007810723
"Barbados","BB",2018,1,17423.24,1.45463078721024,136.59,-3.18,64.86,-3.82,9.76556022622329,9.76556022622329,1.45463078721024
"Barbados","BB",2019,5,17732.23,1.77343593958412,113.71,-9.06,79.33,-3.39,9.78313916668089,9.78313916668089,1.77343593958412
"Barbados","BB",2020,5,17979.15,1.39249265320831,111.23,1.51,64.35,-3.86,9.7969680321584,9.7969680321584,1.39249265320831
"Belarus","BY",2015,5,8312.82,4.20802442980817,18.69,1.04,69.62,-6.63,9.02555418046375,9.02555418046375,4.20802442980817
"Belarus","BY",2016,5,5943.61,-28.5006772671608,30.1,1.39,87.79,-3.24,8.69007197186277,8.69007197186277,-28.5006772671608
"Belarus","BY",2017,6,5021.05,-15.5218798003234,33.07,1.49,89.5,-3.38,8.52139435416079,8.52139435416079,-15.5218798003234
"Belarus","BY",2018,6,5765.55,14.8275759054381,30.86,2.95,72.68,-1.74,8.6596558314483,8.6596558314483,14.8275759054381
"Belarus","BY",2019,6,6296.67,9.21195722871191,27.4,4.04,60.13,-0.06,8.74777620120793,8.74777620120793,9.21195722871191
"Belarus","BY",2020,6,6326.66,0.476283495879559,26.63,1.5,60.55,-2.28,8.75252772975447,8.75252772975447,0.476283495879559
"Belgium","BE",2015,18,48014.81,2.13863382787929,98.76,-3.06,67.23,0.77,10.7792647839675,10.7792647839675,2.13863382787929
"Belgium","BE",2016,18,41246.18,-14.0969629995412,97.22,-2.41,76.94,1.38,10.627313781414,10.627313781414,-14.0969629995412
"Belgium","BE",2017,18,42277.48,2.50035275994045,96.74,-2.36,85.03,0.55,10.6520098355589,10.6520098355589,2.50035275994045
"Belgium","BE",2018,18,44537.58,5.34587208130664,93.55,-0.71,85.9,1.23,10.7040886061516,10.7040886061516,5.34587208130664
"Belgium","BE",2019,18,47735.92,7.18121640196885,92.05,-0.74,80.52,-1,10.7734394333165,10.7734394333165,7.18121640196885
"Belgium","BE",2020,18,46392.74,-2.81377210285253,91.62,-1.5,85.5,-1.16,10.7448982604551,10.7448982604551,-2.81377210285253
"Belize","BZ",2015,5,4717.08,2.56483849084173,64.94,-3.86,55.67,-7.56,8.4589452430726,8.4589452430726,2.56483849084173
"Belize","BZ",2016,1,4785.37,1.44771765583793,74.37,-7.43,64.85,-9.75,8.47331862587151,8.47331862587151,1.44771765583793
"Belize","BZ",2017,5,4779.89,-0.114515700980267,80.85,-4.04,75.01,-8.4,8.47217281266841,8.47217281266841,-0.114515700980267
"Belize","BZ",2018,5,4802.05,0.463608995186071,86.91,-1.65,83.74,-7.73,8.47679818905519,8.47679818905519,0.463608995186071
"Belize","BZ",2019,5,4833.35,0.651804958299063,84.67,-1.02,77.75,-7.89,8.48329508801047,8.48329508801047,0.651804958299063
"Belize","BZ",2020,5,4838.06,0.0974479398346828,84.53,-2.2,76.43,-7.52,8.484269092912,8.484269092912,0.0974479398346828
"Benin","BJ",2018,7,827.43,3.17082294264339,44.95,-5.76,62.35,-10.03,6.71832451152809,6.71832451152809,3.17082294264339
"Benin","BJ",2019,7,907.49,9.67574296315097,44.31,-3.93,66.03,-8.45,6.81068254679455,6.81068254679455,9.67574296315097
"Benin","BJ",2020,7,900.79,-0.738300146558091,44.89,-3.7,73.24,-8.19,6.80327215608047,6.80327215608047,-0.738300146558091
"Bermuda","BM",2015,16,86984.23,0.256229922067197,-7.45,-4.59,-48.91,13.95,11.3734821168385,11.3734821168385,0.256229922067197
"Bermuda","BM",2016,16,90220.58,3.72061694401389,-5.38,-3.21,-54.31,15.06,11.4100128396715,11.4100128396715,3.72061694401389
"Bermuda","BM",2017,16,95464.69,5.81254299185396,-2.78,-2.91,-53.86,13.69,11.4665117198789,11.4665117198789,5.81254299185396
"Bermuda","BM",2018,16,98080.19,2.73975644816948,-0.57,-1.82,-56.93,13.69,11.4935406883623,11.4935406883623,2.73975644816948
"Bermuda","BM",2019,16,99449.73,1.39634721343831,2.62,-1.54,-54.21,15.48,11.5074075693463,11.5074075693463,1.39634721343831
"Bermuda","BM",2020,16,101933.48,2.49749295448063,1.88,0.19,-55.82,12.33,11.5320757226569,11.5320757226569,2.49749295448063
"Bolivia","BO",2015,9,3124.08,6.1738297048008,8.31,-2.5,-66.96,1.73,8.04689511882632,8.04689511882632,6.1738297048008
"Bolivia","BO",2016,9,3077.03,-1.50604337917082,13.89,-4.46,-70.32,-5.87,8.03172012503077,8.03172012503077,-1.50604337917082
"Bolivia","BO",2017,9,3116.72,1.28988017666385,16.42,-2.99,-45.73,-5.73,8.04453644576767,8.04453644576767,1.28988017666385
"Bolivia","BO",2018,8,3393.96,8.89524885135655,20.63,-5.03,-27.44,-4.99,8.12975266022089,8.12975266022089,8.89524885135655
"Bolivia","BO",2019,8,3592.11,5.83831276738678,24.83,-5.97,-6.24,-4.94,8.18649505256121,8.18649505256121,5.83831276738678
"Bolivia","BO",2020,8,3817.18,6.26567671925413,27.92,-4.9,3.41,-5.16,8.24726720908685,8.24726720908685,6.26567671925413
"Bosnia and Herzegovina","BA",2015,6,5204.35,3.20460066432007,34.73,-2.03,40.63,-7.25,8.55725009332777,8.55725009332777,3.20460066432007
"Bosnia and Herzegovina","BA",2016,6,4584.26,-11.9148404699915,34.53,0.66,38.17,-5.07,8.4303839758088,8.4303839758088,-11.9148404699915
"Bosnia and Herzegovina","BA",2017,6,4808.53,4.89217452762276,32.57,1.24,31.45,-4.71,8.47814670308493,8.47814670308493,4.89217452762276
"Bosnia and Herzegovina","BA",2018,6,5148.35,7.06702464162645,26.81,2.57,24.51,-4.35,8.54643155397295,8.54643155397295,7.06702464162645
"Bosnia and Herzegovina","BA",2019,6,5664.93,10.0338943545019,23.64,2.24,17.89,-3.77,8.6420498168103,8.6420498168103,10.0338943545019
"Bosnia and Herzegovina","BA",2020,6,5633,-0.563643328337693,22.64,1,20.63,-4.78,8.63639743889471,8.63639743889471,-0.563643328337693
"Botswana","BW",2015,14,7493.78,7.03855586551083,-9.39,3.66,-54.01,10.67,8.92182862210392,8.92182862210392,7.03855586551083
"Botswana","BW",2016,14,6527.5,-12.8944271115512,-7.74,-4.79,-62.49,2.2,8.78377930057328,8.78377930057328,-12.8944271115512
"Botswana","BW",2017,14,6953.14,6.52072003063962,-3.33,0.66,-52.87,7.75,8.84694863508975,8.84694863508975,6.52072003063962
"Botswana","BW",2018,14,7595.15,9.23338232798418,-4.85,-1.1,-64.98,6.39,8.93526516467027,8.93526516467027,9.23338232798418
"Botswana","BW",2019,14,7963.49,4.84967380499397,-1.41,-3.34,-56.7,2.67,8.98262262496178,8.98262262496178,4.84967380499397
"Botswana","BW",2020,14,7892.89,-0.886545974189701,1.69,-3,-48.86,1.77,8.97371763321195,8.97371763321195,-0.886545974189701
"Brazil","BR",2015,10,12099.4,-1.51824078437693,44.61,-5.82,31.09,-4.13,9.40091114357851,9.40091114357851,-1.51824078437693
"Brazil","BR",2016,9,8804.87,-27.2288708531001,49.75,-10.06,9.66,-3.02,9.08306025648287,9.08306025648287,-27.2288708531001
"Brazil","BR",2017,9,8715.13,-1.01920868791932,52.37,-8.88,-0.93,-1.35,9.07281587465296,9.07281587465296,-1.01920868791932
"Brazil","BR",2018,8,9914.03,13.7565360470814,56.45,-7.69,-6.43,-0.73,9.20170620459974,9.20170620459974,13.7565360470814
"Brazil","BR",2019,8,8992.41,-9.29611873274542,57.35,-7.05,-8.51,-2.2,9.10413616717941,9.10413616717941,-9.29611873274542
"Brazil","BR",2020,8,8658.16,-3.71702357877366,61.04,-5.89,1.57,-2.86,9.06625750784965,9.06625750784965,-3.71702357877366
"Bulgaria","BG",2015,10,7850.73,2.8717550910232,17.43,-5.43,-3.17,1.24,8.96836180008339,8.96836180008339,2.8717550910232
"Bulgaria","BG",2016,10,7029.9,-10.4554608297572,18.09,-1.71,-16.15,0.12,8.85792775995247,8.85792775995247,-10.4554608297572
"Bulgaria","BG",2017,11,7518.23,6.94647150030583,16.92,0.09,-24.15,3.19,8.92508601689904,8.92508601689904,6.94647150030583
"Bulgaria","BG",2018,11,8300.86,10.4097640003033,14.65,1.1,-30.02,3.5,9.02411440287491,9.02411440287491,10.4097640003033
"Bulgaria","BG",2019,12,9389.91,13.1197249441624,12.59,1.75,-32.47,5.36,9.14739098749184,9.14739098749184,13.1197249441624
"Bulgaria","BG",2020,12,9635.43,2.61472154685189,11.63,0.05,-37.13,4.83,9.17320220880955,9.17320220880955,2.61472154685189
"Burkina Faso","BF",2015,5,691.47,0.127427272332348,26.04,-2.21,61.34,-8.06,6.53881976621576,6.53881976621576,0.127427272332348
"Burkina Faso","BF",2016,5,563.21,-18.54888859965,29.37,-1.39,60.03,-8.59,6.33365256036802,6.33365256036802,-18.54888859965
"Burkina Faso","BF",2017,6,571.95,1.55181903730404,30.03,-3.41,47.84,-7.17,6.34905157497168,6.34905157497168,1.55181903730404
"Burkina Faso","BF",2018,6,629.1,9.9921321793863,31.42,-7.84,62.24,-7.42,6.44429022657598,6.44429022657598,9.9921321793863
"Burkina Faso","BF",2019,6,698.59,11.0459386425052,35.79,-4.87,58.95,-5.9,6.54906401792731,6.54906401792731,11.0459386425052
"Burkina Faso","BF",2020,6,694.59,-0.572581915000214,36.61,-3,66.27,-6.33,6.54332174343122,6.54332174343122,-0.572581915000214
"Cameroon","CM",2015,6,1571.18,5.18359832635984,16.2,-4.17,24.87,-4.01,7.35958220839495,7.35958220839495,5.18359832635984
"Cameroon","CM",2016,6,1353.93,-13.8271872096132,19.7,-4.42,39.71,-3.79,7.21076675346519,7.21076675346519,-13.8271872096132
"Cameroon","CM",2017,6,1391.75,2.79334973004512,23.41,-6.09,68.41,-3.22,7.23831722706362,7.23831722706362,2.79334973004512
"Cameroon","CM",2018,6,1451.87,4.31974133285431,24.28,-4.87,77.07,-3.39,7.2806076596961,7.2806076596961,4.31974133285431
"Cameroon","CM",2019,6,1566.82,7.9173755226019,28.76,-2.49,81.4,-3.52,7.35680336658128,7.35680336658128,7.9173755226019
"Cameroon","CM",2020,6,1528.94,-2.41763572075924,31.25,-3,95.4,-3.49,7.3323299638249,7.3323299638249,-2.41763572075924
"Canada","CA",2015,20,50893.32,-3.34118733873048,39.64,0.23,99.9,-2.4,10.8374869562052,10.8374869562052,-3.34118733873048
"Canada","CA",2016,20,43585.45,-14.3591929156911,40.89,-0.01,118.51,-3.54,10.6824786580454,10.6824786580454,-14.3591929156911
"Canada","CA",2017,20,42378.69,-2.76872213089459,41.98,-0.36,129.74,-3.2,10.6544009205376,10.6544009205376,-2.76872213089459
"Canada","CA",2018,20,45160.78,6.56483246650614,38.18,-0.26,122.35,-2.81,10.7179842900365,10.7179842900365,6.56483246650614
"Canada","CA",2019,20,46211.95,2.327617016358,37.77,-0.34,108.49,-2.64,10.7409937016323,10.7409937016323,2.327617016358
"Canada","CA",2020,20,46353.37,0.306024740353972,37.31,-0.91,113.27,-2.04,10.74404927601,10.74404927601,0.306024740353972
"Cape Verde","CV",2015,6,3532.99,-0.699294802789308,98.65,-7.81,96.62,-9.08,8.16989981689944,8.16989981689944,-0.699294802789308
"Cape Verde","CV",2016,6,2996.36,-15.1891174331091,106.04,-4,115.07,-3.17,8.00515349763207,8.00515349763207,-15.1891174331091
"Cape Verde","CV",2017,6,3082.16,2.86347434887664,105.23,-3.5,96.69,-3.86,8.03338592887389,8.03338592887389,2.86347434887664
"Cape Verde","CV",2018,6,3239.07,5.09091027071924,103.42,-3.1,105.44,-7.98,8.08304153054632,8.08304153054632,5.09091027071924
"Cape Verde","CV",2019,6,3575.07,10.3733479054173,106.38,-2.64,93.16,-4.78,8.181740035356,8.181740035356,10.3733479054173
"Cape Verde","CV",2020,6,3569.65,-0.151605423110601,105.62,-3,89.92,-4.54,8.18022283075184,8.18022283075184,-0.151605423110601
"Chile","CL",2015,17,14640.22,-7.38422569568331,0.66,-1.49,21.53,-1.65,9.5915278147248,9.5915278147248,-7.38422569568331
"Chile","CL",2016,17,13552.66,-7.42857689297018,2.67,-2.08,29.16,-2.32,9.51433811700467,9.51433811700467,-7.42857689297018
"Chile","CL",2017,16,13730.46,1.3119195788871,7.1,-2.65,25.36,-1.58,9.52737200147829,9.52737200147829,1.3119195788871
"Chile","CL",2018,16,15019.11,9.38533741768304,10.83,-2.61,34.66,-2.15,9.61707866923495,9.61707866923495,9.38533741768304
"Chile","CL",2019,16,15906.38,5.90760704196187,12.85,-1.46,42.5,-3.07,9.67447556558755,9.67447556558755,5.90760704196187
"Chile","CL",2020,16,15022.95,-5.55393496194608,15.47,-3.9,45.01,-3.37,9.61733431082684,9.61733431082684,-5.55393496194608
"China","CN",2015,17,7631.47,8.50343859788807,11.79,-0.58,-99.13,2.26,8.9400357662723,8.9400357662723,8.50343859788807
"China","CN",2016,17,8013.53,5.00637491859366,61.96,-2.3,-101.67,2.76,8.98888664210916,8.98888664210916,5.00637491859366
"China","CN",2017,16,8055.18,0.519745979611996,58.43,-2.78,-97.84,1.82,8.99407064173011,8.99407064173011,0.519745979611996
"China","CN",2018,16,8735.88,8.45046293192702,50.79,-2.39,-83.77,1.61,9.07519396162661,9.07519396162661,8.45046293192702
"China","CN",2019,16,9752.29,11.634889673393,52.47,-2.84,-71.41,0.36,9.1852574082087,9.1852574082087,11.634889673393
"China","CN",2020,16,9995.7,2.49592659775293,52.83,-3,-69.13,0.26,9.20991027949967,9.20991027949967,2.49592659775293
"Colombia","CO",2015,12,8247.18,-1.27441450672999,29.73,-1.54,66.16,-5.19,9.01762660271376,9.01762660271376,-1.27441450672999
"Colombia","CO",2016,12,6282.47,-23.8228097361765,34.45,-3,97.57,-6.33,8.74551849423723,8.74551849423723,-23.8228097361765
"Colombia","CO",2017,11,5986.85,-4.70547412084738,34.87,-2.8,123.77,-4.26,8.69732067632721,8.69732067632721,-4.70547412084738
"Colombia","CO",2018,11,6531.37,9.09526712712026,36.53,-2.32,117.54,-3.28,8.78437200118418,8.78437200118418,9.09526712712026
"Colombia","CO",2019,11,6858.35,5.00630036271104,40.21,-1.97,113.14,-3.93,8.83322216700787,8.83322216700787,5.00630036271104
"Colombia","CO",2020,11,6550.53,-4.48825154738386,40.05,-1.84,108.15,-3.98,8.78730124138631,8.78730124138631,-4.48825154738386
"Congo","CG",2015,6,2910.52,-1.8231986426362,16.69,-6.61,-13.87,4.79,7.97608703835971,7.97608703835971,-1.8231986426362
"Congo","CG",2016,5,1711.34,-41.2015722276432,40.6,-11.91,91.02,-54.15,7.44503196835336,7.44503196835336,-41.2015722276432
"Congo","CG",2017,4,1518.59,-11.263103766639,92.22,-8.8,200.03,-63.5,7.32553755174494,7.32553755174494,-11.263103766639
"Congo","CG",2018,5,1694.5,11.5837717883036,109.5,-4.65,162.42,-5.94,7.43514299104711,7.43514299104711,11.5837717883036
"Congo","CG",2019,5,1911.32,12.7955149011508,97.28,6.78,110.13,11.3,7.55554938181784,7.55554938181784,12.7955149011508
"Congo","CG",2020,5,1762.8,-7.77054601008726,88.53,7,96.81,10.44,7.47465873296783,7.47465873296783,-7.77054601008726
"Congo D.R.","CD",2015,5,487.08,6.29364525139664,11.58,0.4,15.52,-4.8,6.18842838063881,6.18842838063881,6.29364525139664
"Congo D.R.","CD",2016,5,497.63,2.16596862938327,11.18,-0.27,18.93,-3.91,6.20985682899671,6.20985682899671,2.16596862938327
"Congo D.R.","CD",2017,4,471.64,-5.22275586278963,14.08,-1.12,19.35,-4.05,6.15621598270847,6.15621598270847,-5.22275586278963
"Congo D.R.","CD",2018,4,467.41,-0.896870494444912,14.1,0.28,17.24,-3.27,6.14720681682668,6.14720681682668,-0.896870494444912
"Congo D.R.","CD",2019,4,562.47,20.3376051004472,10.38,-0.09,18.46,-4.59,6.33233779932297,6.33233779932297,20.3376051004472
"Congo D.R.","CD",2020,4,592.19,5.28383736021478,10.82,-0.5,13.86,-3.99,6.38382752933782,6.38382752933782,5.28383736021478
"Cook Islands","CK",2015,7,23191.16,7.3480931507103,13.71,-4.31,5.32,34.88,10.0515264505596,10.0515264505596,7.3480931507103
"Cook Islands","CK",2016,7,23666.85,2.05116949734294,12.66,-4.58,-4.46,22.72,10.0718306138042,10.0718306138042,2.05116949734294
"Cook Islands","CK",2017,7,23469.36,-0.834458324618603,7.45,-1.74,-10.25,36.31,10.0634510196194,10.0634510196194,-0.834458324618603
"Cook Islands","CK",2018,7,26717.98,13.8419624565817,-0.27,6.82,-20.43,16.73,10.1930920259905,10.1930920259905,13.8419624565817
"Cook Islands","CK",2019,7,31044.87,16.1946748968298,-6.83,3.99,-23.93,15.88,10.3431888563204,10.3431888563204,16.1946748968298
"Cook Islands","CK",2020,7,31650.67,1.95136909898479,-3.59,-1.9,-22.18,15.85,10.3625145963846,10.3625145963846,1.95136909898479
"Costa Rica","CR",2015,9,10553.27,0.422978031786636,40.25,-5.48,42.9,-4.85,9.26419104348546,9.26419104348546,0.422978031786636
"Costa Rica","CR",2016,8,11291.85,6.99858906291604,42.85,-5.66,58.72,-3.51,9.33183650554445,9.33183650554445,6.99858906291604
"Costa Rica","CR",2017,8,11642.81,3.10808237799829,45.5,-4.77,58.82,-2.2,9.36244410108569,9.36244410108569,3.10808237799829
"Costa Rica","CR",2018,7,11709.36,0.571597406468038,47.27,-5.49,57.33,-2.95,9.36814380095641,9.36814380095641,0.571597406468038
"Costa Rica","CR",2019,7,11959.46,2.13589811911155,51.8,-5.07,61.07,-3.1,9.38927787598364,9.38927787598364,2.13589811911155
"Costa Rica","CR",2020,7,11787.65,-1.43660332489928,55.81,-5.73,63.03,-3.36,9.37480765220539,9.37480765220539,-1.43660332489928
"Croatia","HR",2015,9,13600.23,-0.307721402910521,74.55,-5.35,99.05,0.12,9.51784198334585,9.51784198334585,-0.307721402910521
"Croatia","HR",2016,9,11782.91,-13.3624210767024,76.1,-3.32,90.78,3.25,9.37440545556145,9.37440545556145,-13.3624210767024
"Croatia","HR",2017,9,12360.64,4.90311816011495,74.65,-1.11,71.36,2.23,9.42227250960642,9.42227250960642,4.90311816011495
"Croatia","HR",2018,10,13412.38,8.50878271675253,71.76,0.8,58.34,3.83,9.50393344002102,9.50393344002102,8.50878271675253
"Croatia","HR",2019,11,14901.16,11.1000433927461,68.94,0.26,40.01,1.71,9.60919434125221,9.60919434125221,11.1000433927461
"Croatia","HR",2020,11,14784.24,-0.784636900751357,66.01,-0.1,33.13,0.78,9.60131702751593,9.60131702751593,-0.784636900751357
"Curacao","CW",2015,14,20611.65,1.39835886537383,-38.92,-0.99,-45.93,-16.01,9.93361172890418,9.93361172890418,1.39835886537383
"Curacao","CW",2016,14,20295.36,-1.53452052601321,-37.76,-4.57,-53.34,-16.48,9.91814756747488,9.91814756747488,-1.53452052601321
"Curacao","CW",2017,14,19922.59,-1.83672524163159,-38.33,-2.91,-49.28,-18.74,9.89960954276703,9.89960954276703,-1.83672524163159
"Curacao","CW",2018,14,19902.11,-0.102797879191407,-35.65,1.09,-55.26,-21.86,9.89858103524254,9.89858103524254,-0.102797879191407
"Curacao","CW",2019,13,20017.24,0.578481377100215,-27.53,-3.03,-53.32,-28.71,9.90434918122749,9.90434918122749,0.578481377100215
"Curacao","CW",2020,13,20111.49,0.470844132357917,-24.24,-3.03,-47.77,-26.21,9.90904657251328,9.90904657251328,0.470844132357917
"Cyprus","CY",2015,8,26954.77,-2.34157588818115,98.84,-8.73,219.64,-5.82,10.2019155551096,10.2019155551096,-2.34157588818115
"Cyprus","CY",2016,9,23351.55,-13.3676525527764,99.38,-0.97,172.83,-1.03,10.0584186420502,10.0584186420502,-13.3676525527764
"Cyprus","CY",2017,10,24625.66,5.45621168616217,92.32,0.09,84.35,-0.42,10.1115442677116,10.1115442677116,5.45621168616217
"Cyprus","CY",2018,11,26484.32,7.54765557552568,87.08,1.66,49.03,-3.09,10.1843081387387,10.1843081387387,7.54765557552568
"Cyprus","CY",2019,11,28885.33,9.06577929884551,93.9,-4.38,35.02,-4.41,10.271089132765,10.271089132765,9.06577929884551
"Cyprus","CY",2020,11,28699.64,-0.642852271377903,86.21,3,31.39,-4.7,10.264639858115,10.264639858115,-0.642852271377903
"Czech Republic","CZ",2015,17,19768.84,-0.721506228998747,34.18,-2.1,4.69,0.28,9.89186223968349,9.89186223968349,-0.721506228998747
"Czech Republic","CZ",2016,17,17728.7,-10.3199783092989,32.82,-0.61,1.5,0.14,9.78294007432704,9.78294007432704,-10.3199783092989
"Czech Republic","CZ",2017,17,18485.24,4.26731796465618,28.02,0.72,-5.53,1.64,9.82472785478658,9.82472785478658,4.26731796465618
"Czech Republic","CZ",2018,17,20409.98,10.4123073327693,24.02,1.56,-7.93,1.46,9.9237792758916,9.9237792758916,10.4123073327693
"Czech Republic","CZ",2019,17,23112.59,13.2416102318572,22.02,1.1,-6.91,0.34,10.0481327696846,10.0481327696846,13.2416102318572
"Czech Republic","CZ",2020,17,23323.69,0.913355015599726,20.65,0.25,-7.62,0.23,10.057224861223,10.057224861223,0.913355015599726
"Denmark","DK",2015,20,62729.5,2.28928939603996,25.61,1.14,54.07,8.88,11.0465871103911,11.0465871103911,2.28928939603996
"Denmark","DK",2016,20,53478.5,-14.7474473732454,23.37,-1.33,54.61,8.24,10.8870349829542,10.8870349829542,-14.7474473732454
"Denmark","DK",2017,20,54862.83,2.58857297792572,20.3,-0.07,52.61,7.76,10.912591349016,10.912591349016,2.58857297792572
"Denmark","DK",2018,20,57302.19,4.44628904487792,17.5,1.45,49.13,7.8,10.9560941218678,10.9560941218678,4.44628904487792
"Denmark","DK",2019,20,61522.86,7.36563471657889,16.24,0.55,47.49,6.97,11.0271640920456,11.0271640920456,7.36563471657889
"Denmark","DK",2020,20,59731.18,-2.91221832014962,14.78,1.8,46.88,7.37,10.9976094410979,10.9976094410979,-2.91221832014962
"Dominican Republic","DO",2015,8,6797.19,6.10413430843799,41.33,-5.05,86.98,-3.23,8.82426457046485,8.82426457046485,6.10413430843799
"Dominican Republic","DO",2016,8,7130.57,4.90467384316167,41.01,-4.5,81.07,-1.8,8.87214645411202,8.87214645411202,4.90467384316167
"Dominican Republic","DO",2017,8,7514.08,5.37839190976317,43.07,-3.99,80.41,-1.08,8.92453387286989,8.92453387286989,5.37839190976317
"Dominican Republic","DO",2018,8,7866.72,4.69305623576006,44.46,-4.35,80.88,-0.17,8.97039648198363,8.97039648198363,4.69305623576006
"Dominican Republic","DO",2019,8,8333.74,5.93665466674802,45.29,-3.7,75.43,-1.36,9.02806761399155,9.02806761399155,5.93665466674802
"Dominican Republic","DO",2020,8,8707.85,4.48910093187453,46.2,-3.78,77.95,-1.8,9.07198019666634,9.07198019666634,4.48910093187453
"Ecuador","EC",2015,6,6347,5.24832103474007,25.11,-5.53,41.84,-0.66,8.75573753930647,8.75573753930647,5.24832103474007
"Ecuador","EC",2016,6,6099.35,-3.90184339057822,29.39,-4.54,76.19,-2.24,8.71593748710671,8.71593748710671,-3.90184339057822
"Ecuador","EC",2017,5,6046.3,-0.869764811004459,37.2,-5.74,97.05,1.32,8.70720179369159,8.70720179369159,-0.869764811004459
"Ecuador","EC",2018,5,6216.61,2.81676397135437,43.79,-4.96,119.56,-0.47,8.73498002108081,8.73498002108081,2.81676397135437
"Ecuador","EC",2019,5,6367.59,2.4286548456474,44.8,-1.96,122.61,-1.37,8.75897634102934,8.75897634102934,2.4286548456474
"Ecuador","EC",2020,5,6277.24,-1.41890416939533,46.97,-1.7,114.71,0,8.74468567241215,8.74468567241215,-1.41890416939533
"Egypt","EG",2015,5,3473.47,2.7431945171605,77.85,-12.12,21.48,-0.92,8.15290937327399,8.15290937327399,2.7431945171605
"Egypt","EG",2016,5,3738.18,7.62090935001598,78.72,-11.63,27.93,-3.65,8.22635414094924,8.22635414094924,7.62090935001598
"Egypt","EG",2017,5,3658.53,-2.13071601688521,84.69,-13.67,60.35,-5.96,8.20481670637247,8.20481670637247,-2.13071601688521
"Egypt","EG",2018,6,2472.37,-32.4217650258437,88.79,-10.56,67.64,-6.12,7.81293248375259,7.81293248375259,-32.4217650258437
"Egypt","EG",2019,6,2583.88,4.51024725263613,81.78,-9.59,68.78,-2.38,7.85704742419566,7.85704742419566,4.51024725263613
"Egypt","EG",2020,6,3090.47,19.6057866464387,77.63,-8.2,79.89,-2.7,8.03607846188509,8.03607846188509,19.6057866464387
"El Salvador","SV",2015,7,3595.79,2.27079452210641,62.65,-4.02,94.05,-5.37,8.18751899566602,8.18751899566602,2.27079452210641
"El Salvador","SV",2016,5,3713,3.25964530742897,64.07,-3.63,84.51,-3.22,8.21959545417708,8.21959545417708,3.25964530742897
"El Salvador","SV",2017,4,3806.96,2.53056827363318,65.53,-3.11,90.58,-2.28,8.24458624936644,8.24458624936644,2.53056827363318
"El Salvador","SV",2018,5,3908.52,2.66774539264925,66.27,-2.53,89.51,-1.86,8.27091406469987,8.27091406469987,2.66774539264925
"El Salvador","SV",2019,5,4064.31,3.98590770931195,65.9,-2.73,78.73,-4.77,8.30999926587674,8.30999926587674,3.98590770931195
"El Salvador","SV",2020,5,4181.69,2.88806710118075,66.85,-3.1,77.98,-4.52,8.33847075002916,8.33847075002916,2.88806710118075
"Estonia","EE",2015,17,20414.01,6.26181286290963,-5.36,0.7,27.77,0.71,9.92397670882322,9.92397670882322,6.26181286290963
"Estonia","EE",2016,17,17521.91,-14.1672312299249,-3.31,0.14,29.49,1.76,9.77120737681316,9.77120737681316,-14.1672312299249
"Estonia","EE",2017,17,18251.75,4.16529933095193,-3.3,-0.52,26.54,1.66,9.8120162448244,9.8120162448244,4.16529933095193
"Estonia","EE",2018,17,20361.5,11.5591655594669,-3.07,-0.77,26.31,2.67,9.92140114182101,9.92140114182101,11.5591655594669
"Estonia","EE",2019,17,23209.49,13.9871325786411,-3.27,-0.56,18.8,1.98,10.0523165257397,10.0523165257397,13.9871325786411
"Estonia","EE",2020,17,23288.75,0.341498240590377,-2.86,-0.1,14.8,1.14,10.0557256903346,10.0557256903346,0.341498240590377
"Fiji","FJ",2015,7,5622.27,6.53565419073174,40.1,-3.97,16.54,-5.78,8.63449077592695,8.63449077592695,6.53565419073174
"Fiji","FJ",2016,7,5397.06,-4.00567742210887,41.24,-3.82,18.73,-3.5,8.59360963984423,8.59360963984423,-4.00567742210887
"Fiji","FJ",2017,7,5658.49,4.8439335490063,39.21,-1.33,13.56,-3.67,8.64091235115163,8.64091235115163,4.8439335490063
"Fiji","FJ",2018,7,6049.8,6.91544917460312,36.34,-1.91,14.56,-6.69,8.70778049262722,8.70778049262722,6.91544917460312
"Fiji","FJ",2019,8,6219.72,2.80868789050879,40.56,-4.31,15.75,-8.49,8.7354801686428,8.7354801686428,2.80868789050879
"Fiji","FJ",2020,8,6374.17,2.48323075636845,41.54,-3.2,14.12,-5.99,8.76000916547195,8.76000916547195,2.48323075636845
"Finland","FI",2015,19,50421.77,0.834243082787767,21.73,-2.99,197.1,-1.33,10.8281783052428,10.8281783052428,0.834243082787767
"Finland","FI",2016,19,42888.81,-14.9398960012709,23.51,-2.42,210.64,-0.93,10.6663662317308,10.6663662317308,-14.9398960012709
"Finland","FI",2017,19,43870.88,2.28980472995171,24.18,-1.73,223.57,-2.03,10.6890060532251,10.6890060532251,2.28980472995171
"Finland","FI",2018,19,46348.46,5.64743629487259,21.51,-0.69,246.89,-0.76,10.7439433449836,10.7439433449836,5.64743629487259
"Finland","FI",2019,19,50223.56,8.3607955906194,20.35,-0.83,208.14,-1.37,10.8242395182915,10.8242395182915,8.3607955906194
"Finland","FI",2020,19,48862.8,-2.70940570521085,20.61,-0.8,205.52,-1.43,10.79677164976,10.79677164976,-2.70940570521085
"France","FR",2015,18,43192.06,0.731064151129979,87.92,-3.9,248.43,-0.96,10.6734119610433,10.6734119610433,0.731064151129979
"France","FR",2016,18,36701.41,-15.0274147609537,88.06,-3.63,261.47,-0.37,10.5105704529232,10.5105704529232,-15.0274147609537
"France","FR",2017,18,37088.89,1.05576325269245,90.59,-3.54,263.74,-0.49,10.5210727428317,10.5210727428317,1.05576325269245
"France","FR",2018,18,38835.49,4.70922694100577,90.38,-2.77,289.31,-0.71,10.5670897982584,10.5670897982584,4.70922694100577
"France","FR",2019,18,41547.66,6.98374090297305,90.01,-2.53,236.99,-0.64,10.6345964810082,10.6345964810082,6.98374090297305
"France","FR",2020,18,40401.35,-2.75902421460078,91.14,-3.2,246.93,-0.79,10.6066184792325,10.6066184792325,-2.75902421460078
"Georgia","GE",2015,8,4441.76,2.32843165487515,31.62,-2.73,72.46,-10.81,8.39880597327837,8.39880597327837,2.32843165487515
"Georgia","GE",2016,8,3759.7,-15.3556247973776,37.12,-2.48,95.2,-12.63,8.23209444596673,8.23209444596673,-15.3556247973776
"Georgia","GE",2017,8,3856.07,2.56323642843845,40.06,-2.81,104.93,-13.12,8.25740380909263,8.25740380909263,2.56323642843845
"Georgia","GE",2018,8,4047.12,4.95452624044688,39.93,-3.19,90.67,-8.67,8.30576079603004,8.30576079603004,4.95452624044688
"Georgia","GE",2019,9,4346.22,7.39044060961871,40.27,-2.33,83.28,-7.36,8.37706178079609,8.37706178079609,7.39044060961871
"Georgia","GE",2020,9,4334.71,-0.26482782739945,42.24,-2.5,86.65,-6.45,8.37440998962974,8.37440998962974,-0.26482782739945
"Germany","DE",2015,20,48151.7,3.84602776548491,70.91,0.58,77.35,7.2,10.7821117229374,10.7821117229374,3.84602776548491
"Germany","DE",2016,20,41403.51,-14.0144377041724,67.39,0.94,74.68,8.58,10.6311209388283,10.6311209388283,-14.0144377041724
"Germany","DE",2017,20,42216.08,1.96256307738161,64.06,1.18,69.38,8.47,10.6505564700998,10.6505564700998,1.96256307738161
"Germany","DE",2018,20,44423.07,5.22784209239702,59.36,1.24,67.55,8.07,10.7015142080724,10.7015142080724,5.22784209239702
"Germany","DE",2019,20,47706.11,7.39039422534282,56.37,1.87,53.58,7.36,10.7728147609165,10.7728147609165,7.39039422534282
"Germany","DE",2020,20,46240.54,-3.07208028489433,54.13,0.9,52.79,6.3,10.7416121814788,10.7416121814788,-3.07208028489433
"Ghana","GH",2015,5,1988,-17.2294343456212,47.16,-7.37,118.44,-6.89,7.59488438721652,7.59488438721652,-17.2294343456212
"Ghana","GH",2016,5,1783.05,-10.3093561368209,52.29,-5.35,128.07,-5.74,7.48608066009474,7.48608066009474,-10.3093561368209
"Ghana","GH",2017,5,1950.23,9.37606909508988,52.82,-7.93,135.16,-5.16,7.57570259332034,7.57570259332034,9.37606909508988
"Ghana","GH",2018,6,2046.09,4.9153176804787,51.25,-4.84,125.83,-3.39,7.62368593381391,7.62368593381391,4.9153176804787
"Ghana","GH",2019,6,2224.17,8.70342946791198,54.09,-7.43,119.13,-3.16,7.70713909129809,7.70713909129809,8.70342946791198
"Ghana","GH",2020,6,2287.6,2.85185035316544,55.87,-6.2,124.52,-2.12,7.73525851204116,7.73525851204116,2.85185035316544
"Greece","GR",2015,4,21721.36,-0.380749188924434,172.82,-3.56,407.31,-0.74,9.98605138718892,9.98605138718892,-0.380749188924434
"Greece","GR",2016,5,18112.72,-16.6133243958942,170.62,-5.61,461.29,-0.81,9.80436973286297,9.80436973286297,-16.6133243958942
"Greece","GR",2017,5,18115.64,0.0161212672640909,170.24,0.49,452,-1.73,9.80453093254225,9.80453093254225,0.0161212672640909
"Greece","GR",2018,7,18906.78,4.36716560938504,168.06,0.72,441.47,-1.89,9.84727586687819,9.84727586687819,4.36716560938504
"Greece","GR",2019,8,20309.41,7.4186614537219,161.26,0.99,366.33,-2.83,9.91883960442328,9.91883960442328,7.4186614537219
"Greece","GR",2020,8,19830.61,-2.35752786516201,156.38,1.3,349.84,-2.26,9.89498198251323,9.89498198251323,-2.35752786516201
"Guatemala","GT",2015,9,4218.62,7.11724796359869,19.06,-1.89,37.67,-2.09,8.34726333933124,8.34726333933124,7.11724796359869
"Guatemala","GT",2016,9,4500.08,6.67185003626778,18.48,-1.44,39.69,-0.15,8.41185045337817,8.41185045337817,6.67185003626778
"Guatemala","GT",2017,8,4759.92,5.77411957120764,17.25,-1.07,35.04,1.49,8.46798614036154,8.46798614036154,5.77411957120764
"Guatemala","GT",2018,8,5149.4,8.18249046202457,16.45,-1.31,26.89,1.57,8.54663548201619,8.54663548201619,8.18249046202457
"Guatemala","GT",2019,8,5264.79,2.24084359342838,16.2,-1.76,19.89,0.85,8.56879653773272,8.56879653773272,2.24084359342838
"Guatemala","GT",2020,8,5439.99,3.32776805912487,16.2,-2.64,18.89,0.47,8.601532501613,8.601532501613,3.32776805912487
"Honduras","HN",2015,7,2326.64,5.15839476431743,31.97,-2.7,19.7,-6.99,7.75218044570458,7.75218044570458,5.15839476431743
"Honduras","HN",2016,7,2429.18,4.40721383626173,32.49,-0.78,20.42,-4.7,7.79530903082635,7.79530903082635,4.40721383626173
"Honduras","HN",2017,8,2472.95,1.80184259709038,32.72,-0.4,18.63,-2.63,7.81316704895875,7.81316704895875,1.80184259709038
"Honduras","HN",2018,8,2587.33,4.62524515255061,34.55,-0.42,17.75,-0.19,7.85838173493216,7.85838173493216,4.62524515255061
"Honduras","HN",2019,8,2641.21,2.08245565892253,33.5,0.2,20.08,-5.31,7.87899242447106,7.87899242447106,2.08245565892253
"Honduras","HN",2020,8,2737.31,3.63848387670802,33.66,-0.17,24.09,-4.85,7.91473096532333,7.91473096532333,3.63848387670802
"Hong Kong","HK",2015,20,40315.37,4.97760897494988,-30.16,3.2,-57.03,1.39,10.6044880648024,10.6044880648024,4.97760897494988
"Hong Kong","HK",2016,20,42432.16,5.25057812938341,-30.13,0.6,-59.7,3.32,10.6556618442775,10.6556618442775,5.25057812938341
"Hong Kong","HK",2017,19,43734.53,3.06929932390902,-31.89,4.46,-69.85,3.96,10.6858932292545,10.6858932292545,3.06929932390902
"Hong Kong","HK",2018,19,46225.49,5.69563683432748,-35.98,5.59,-65.5,4.65,10.7412866565236,10.7412866565236,5.69563683432748
"Hong Kong","HK",2019,19,48675.62,5.30038729713844,-35.18,2.37,-59.3,4.29,10.7929335677042,10.7929335677042,5.30038729713844
"Hong Kong","HK",2020,19,48913.11,0.487903389828426,-32.69,-2,-55.83,4.5,10.7978007376906,10.7978007376906,0.487903389828426
"Hungary","HU",2015,10,14230.39,4.13338953308833,72.87,-2.75,42.96,1.19,9.56313509759519,9.56313509759519,4.13338953308833
"Hungary","HU",2016,11,12635.47,-11.2078446198593,73.42,-1.97,39,2.36,9.44426321738926,9.44426321738926,-11.2078446198593
"Hungary","HU",2017,11,12970.62,2.65245376705419,71.12,-1.76,32.25,4.52,9.47044207878941,9.47044207878941,2.65245376705419
"Hungary","HU",2018,11,14443.45,11.3551241189704,69.98,-2.38,30.36,2.26,9.57799630357765,9.57799630357765,11.3551241189704
"Hungary","HU",2019,12,16146.14,11.7886654504291,66.28,-2.29,22.48,-0.54,9.68943629079561,9.68943629079561,11.7886654504291
"Hungary","HU",2020,12,16561.69,2.57368014893962,63.49,-1.8,18.56,-0.85,9.71484747587228,9.71484747587228,2.57368014893962
"Iceland","IS",2015,12,54527.56,9.4586942055358,54.43,-0.07,58.26,5.71,10.9064615409076,10.9064615409076,9.4586942055358
"Iceland","IS",2016,13,52838.36,-3.09788297880924,46.32,-0.8,143.4,5.99,10.8749927210615,10.8749927210615,-3.09788297880924
"Iceland","IS",2017,15,62004.7,17.3478889200952,39.09,-2.99,55.73,7.57,11.0349654676057,11.0349654676057,17.3478889200952
"Iceland","IS",2018,15,72283.29,16.5771143155277,35.49,0.54,50.73,3.78,11.1883482611025,11.1883482611025,16.5771143155277
"Iceland","IS",2019,15,74515.5,3.08814111809246,27.27,0.82,38,2.81,11.2187624364188,11.2187624364188,3.08814111809246
"Iceland","IS",2020,15,67036.3,-10.0371063738417,26.96,-0.1,45.23,1.52,11.1129895427021,11.1129895427021,-10.0371063738417
"India","IN",2015,11,1576,8.52574387648999,66.51,-7.2,16.12,-1.31,7.36264527041782,7.36264527041782,8.52574387648999
"India","IN",2016,11,1606.95,1.96383248730965,68.53,-7.35,16.14,-1.05,7.38209325137668,7.38209325137668,1.96383248730965
"India","IN",2017,11,1729.71,7.63931671800615,67.63,-7.38,10.61,-0.63,7.45570904338253,7.45570904338253,7.63931671800615
"India","IN",2018,11,1980.5,14.4989622537882,68.06,-7.4,9.45,-1.83,7.59110461706197,7.59110461706197,14.4989622537882
"India","IN",2019,11,2009.61,1.46983085079524,68.13,-6.5,11.17,-2.1,7.60569595237615,7.60569595237615,1.46983085079524
"India","IN",2020,11,2135.96,6.28728957359888,70.53,-7.4,11.91,-2.08,7.66667147331298,7.66667147331298,6.28728957359888
"Indonesia","ID",2015,10,3491.6,-3.56480982801526,22.88,-2.15,81.59,-3.09,8.15811536286119,8.15811536286119,-3.56480982801526
"Indonesia","ID",2016,10,3334.55,-4.49793790812234,25.24,-2.6,104.3,-2.04,8.11209301671178,8.11209301671178,-4.49793790812234
"Indonesia","ID",2017,11,3568.83,7.02583557001693,26.24,-2.5,100.02,-1.82,8.17999308996568,8.17999308996568,7.02583557001693
"Indonesia","ID",2018,11,3846.41,7.77789919945753,26.31,-2.5,93.98,-1.59,8.25489552473107,8.25489552473107,7.77789919945753
"Indonesia","ID",2019,12,3903.21,1.47670165167,27.31,-1.7,98.44,-2.93,8.26955457049876,8.26955457049876,1.47670165167
"Indonesia","ID",2020,12,4154.5,6.43803433584151,27.66,-2.1,103.07,-2.81,8.33194736310504,8.33194736310504,6.43803433584151
"Iraq","IQ",2016,5,4617.78,-29.229750667813,49.95,-13.65,1.95,-1.66,8.43766934910878,8.43766934910878,-29.229750667813
"Iraq","IQ",2017,5,4478.25,-3.02158179904629,58.27,-14.58,23.1,1.3,8.40698762409521,8.40698762409521,-3.02158179904629
"Iraq","IQ",2018,5,4980.95,11.2253670518618,50.72,-1.66,18.54,7.81,8.51337591487795,8.51337591487795,11.2253670518618
"Iraq","IQ",2019,5,5386.92,8.15045322679408,35.03,8.32,-7.67,16.19,8.59172907200409,8.59172907200409,8.15045322679408
"Iraq","IQ",2020,5,5177.06,-3.89573262643588,40.33,-4.9,-7.19,9.05,8.55199260655852,8.55199260655852,-3.89573262643588
"Ireland","IE",2015,16,55805.14,7.81249849066745,94.7,-3.65,333.74,1.08,10.9296212588224,10.9296212588224,7.81249849066745
"Ireland","IE",2016,16,62342.23,11.7141360096937,68.86,-1.95,258.45,4.4,11.0403943242568,11.0403943242568,11.7141360096937
"Ireland","IE",2017,16,63628.52,2.06327235968298,65.71,-0.69,227.91,-4.19,11.0608170764875,11.0608170764875,2.06327235968298
"Ireland","IE",2018,16,70159.25,10.2638408059782,58.88,-0.31,214.77,0.49,11.1585229371372,11.1585229371372,10.2638408059782
"Ireland","IE",2019,17,79225.24,12.922016697727,53.52,0.05,197.64,10.58,11.2800502139013,11.2800502139013,12.922016697727
"Ireland","IE",2020,17,79987.17,0.961726338727398,49.5,0.2,229.05,4.03,11.2896215257946,11.2896215257946,0.961726338727398
"Israel","IL",2015,16,37733.59,3.82252302423047,63.44,-2.67,-24.58,4.04,10.5383059581801,10.5383059581801,3.82252302423047
"Israel","IL",2016,16,35855.28,-4.97781949716419,60.97,-1.57,-34.74,5.13,10.4872461155178,10.4872461155178,-4.97781949716419
"Israel","IL",2017,16,37371.63,4.22908425202648,59.13,-1.86,-39.11,3.51,10.5286671394036,10.5286671394036,4.22908425202648
"Israel","IL",2018,17,40543.58,8.48758804472807,57.48,-1.92,-54.93,2.32,10.6101327239512,10.6101327239512,8.48758804472807
"Israel","IL",2019,17,41618.68,2.65171452545632,58.18,-3.84,-47.26,2.51,10.6363043839233,10.6363043839233,2.65171452545632
"Israel","IL",2020,17,42596.34,2.34908939927936,58.87,-3.6,-49.73,2.73,10.6595236130736,10.6595236130736,2.34908939927936
"Italy","IT",2015,11,35569.49,-0.883423636507519,127.02,-2.95,229.53,1.9,10.4792435269145,10.4792435269145,-0.883423636507519
"Italy","IT",2016,11,30209.69,-15.068532048112,127.62,-2.55,255.92,1.42,10.3159180128253,10.3159180128253,-15.068532048112
"Italy","IT",2017,12,30937.64,2.40965729870117,126.39,-2.41,239.67,2.59,10.3397288445533,10.3397288445533,2.40965729870117
"Italy","IT",2018,12,32379.22,4.65963143924359,126.37,-2.42,254.49,2.68,10.3852721379977,10.3852721379977,4.65963143924359
"Italy","IT",2019,12,34471.32,6.46124273530986,126.97,-2.18,218.84,2.6,10.4478829529466,10.4478829529466,6.46124273530986
"Italy","IT",2020,12,33126.26,-3.90196836094469,127.86,-2,226.06,2.76,10.408081600301,10.408081600301,-3.90196836094469
"Jamaica","JM",2015,6,5103.39,-2.75033728933708,124.69,-0.25,131.62,-8.02,8.53766030377566,8.53766030377566,-2.75033728933708
"Jamaica","JM",2016,6,5202.05,1.9332247780397,113.3,-0.16,114.27,-3.03,8.55680805765022,8.55680805765022,1.9332247780397
"Jamaica","JM",2017,6,5157.95,-0.847742716813571,108.38,0.01,109.93,-0.31,8.54829449271459,8.54829449271459,-0.847742716813571
"Jamaica","JM",2018,6,5426.87,5.21369924097752,89.4,0.67,90.81,-2.6,8.59911781947394,8.59911781947394,5.21369924097752
"Jamaica","JM",2019,7,5763.05,6.19473103280528,82.77,1.4,76.64,-1.83,8.65922212743582,8.65922212743582,6.19473103280528
"Jamaica","JM",2020,7,6100.1,5.84846565620636,80.46,0.39,67.2,-1.82,8.71606044346965,8.71606044346965,5.84846565620636
"Japan","JP",2015,16,38511.36,-5.72436795818824,147.57,-4.91,-140.26,0.76,10.5587085416878,10.5587085416878,-5.72436795818824
"Japan","JP",2016,16,34659.26,-10.0025031575099,145.87,-3.34,-134.33,3.1,10.453320212782,10.453320212782,-10.0025031575099
"Japan","JP",2017,16,38906.26,12.2535795628643,147.59,-3.39,-121.78,3.98,10.5689104421093,10.5689104421093,12.2535795628643
"Japan","JP",2018,16,38558.01,-0.895100171540519,146.95,-2.74,-108.11,4.13,10.5599191395089,10.5599191395089,-0.895100171540519
"Japan","JP",2019,16,39457.66,2.33323763337372,149.09,-2.7,-80.35,3.49,10.5829834772607,10.5829834772607,2.33323763337372
"Japan","JP",2020,16,40650.22,3.02237892464985,150.01,-2.8,-76.87,3.39,10.6127595270154,10.6127595270154,3.02237892464985
"Jordan","JO",2015,8,4094.78,-1.16723065114865,62.44,-6.24,9.91,-7.23,8.31746827079026,8.31746827079026,-1.16723065114865
"Jordan","JO",2016,8,3967.22,-3.11518567542091,64.99,-0.67,16.05,-8.98,8.2858208765012,8.2858208765012,-3.11518567542091
"Jordan","JO",2017,7,4000.47,0.83811838012513,65.47,-0.05,22.06,-9.41,8.29416713319944,8.29416713319944,0.83811838012513
"Jordan","JO",2018,7,4030.2,0.743162678385301,64.42,0.45,30.57,-10.57,8.30157128150087,8.30157128150087,0.743162678385301
"Jordan","JO",2019,7,4070.09,0.989777182273843,62.83,-0.2,42.29,-6.77,8.31142039121426,8.31142039121426,0.989777182273843
"Jordan","JO",2020,7,4096.88,0.658216403077083,63.2,-0.4,49.6,-7.83,8.31798098739373,8.31798098739373,0.658216403077083
"Kazakhstan","KZ",2015,12,12902.43,-7.79994211784378,-24.19,-0.54,-35.16,2.76,9.46517094470299,9.46517094470299,-7.79994211784378
"Kazakhstan","KZ",2016,11,10434.76,-19.1256220727413,-38.58,-8.52,-55.63,-3.26,9.25289781972596,9.25289781972596,-19.1256220727413
"Kazakhstan","KZ",2017,11,7661.39,-26.578186752738,-25.71,-3.99,-64.36,-5.92,8.94394870841337,8.94394870841337,-26.578186752738
"Kazakhstan","KZ",2018,11,8970.97,17.0932428710717,-3.36,-4.08,1.71,-3.13,9.1017490874449,9.1017490874449,17.0932428710717
"Kazakhstan","KZ",2019,11,9401.17,4.79546804860567,-16.59,-1.19,-37.57,-0.03,9.14858942859769,9.14858942859769,4.79546804860567
"Kazakhstan","KZ",2020,11,8794.55,-6.45260111241473,-16.42,-1.3,-44.11,-2.37,9.08188749042776,9.08188749042776,-6.45260111241473
"Kenya","KE",2015,7,1335.07,8.61998828430097,37.67,-5.54,76.74,-10.38,7.19673900391664,7.19673900391664,8.61998828430097
"Kenya","KE",2016,7,1355.06,1.49729976705342,41.3,-8.02,89.66,-6.7,7.21160101277626,7.21160101277626,1.49729976705342
"Kenya","KE",2017,7,1427.7,5.36064823697844,45.34,-7.41,122.61,-4.89,7.26382003679517,7.26382003679517,5.36064823697844
"Kenya","KE",2018,7,1585.23,11.0338306366884,46.04,-8.38,134.5,-6.18,7.36848478619398,7.36848478619398,11.0338306366884
"Kenya","KE",2019,7,1723.91,8.74825735066835,48.05,-6.71,131.71,-4.96,7.45235024568462,7.45235024568462,8.74825735066835
"Kenya","KE",2020,7,1850.44,7.33971030970295,50.55,-7.18,141.89,-5.06,7.52317872763127,7.52317872763127,7.33971030970295
"Korea","KR",2015,17,29249.57,7.60350413663382,8.32,0.69,-21.15,5.59,10.2836201516972,10.2836201516972,7.60350413663382
"Korea","KR",2016,18,28732.23,-1.76870976222898,9.21,0.66,-33.75,7.17,10.2657747681745,10.2657747681745,-1.76870976222898
"Korea","KR",2017,18,29288.87,1.93733657290089,9.15,1.62,-46.51,6.53,10.2849628593575,10.2849628593575,1.93733657290089
"Korea","KR",2018,18,31616.84,7.94830937485811,6.53,1.41,-49.04,4.63,10.3614451690206,10.3614451690206,7.94830937485811
"Korea","KR",2019,18,33340.27,5.45098751171842,6.4,0.9,-44.47,4.44,10.4145212546523,10.4145212546523,5.45098751171842
"Korea","KR",2020,18,31971.06,-4.1067753800434,5.81,0.5,-48.85,2.99,10.3725863975881,10.3725863975881,-4.1067753800434
"Kuwait","KW",2015,18,39748.38,-9.51112159332482,-364.92,21.57,-426.59,33.44,10.590324364535,10.590324364535,-9.51112159332482
"Kuwait","KW",2016,18,27031.27,-31.9940334675275,-478.97,8.7,-658.71,3.5,10.2047496229984,10.2047496229984,-31.9940334675275
"Kuwait","KW",2017,18,24803.11,-8.24289794745123,-489.79,7.74,-708.18,-4.63,10.1187243275166,10.1187243275166,-8.24289794745123
"Kuwait","KW",2018,18,26819.57,8.12986758515364,-448.54,10.31,-618.54,7.96,10.1968871238958,10.1968871238958,8.12986758515364
"Kuwait","KW",2019,18,30293.41,12.9526312315969,-408.2,16.56,-540.52,14.5,10.3186854760935,10.3186854760935,12.9526312315969
"Kuwait","KW",2020,18,29374.37,-3.03379513894276,-419.72,10.47,-549.38,12.46,10.287877804408,10.287877804408,-3.03379513894276
"Latvia","LV",2015,14,15822.28,4.56704445045115,32.67,-1.44,52.12,-2.26,9.66917435230252,9.66917435230252,4.56704445045115
"Latvia","LV",2016,14,13763.94,-13.0091238430871,32.88,-1.36,52.89,-0.89,9.52980740770996,9.52980740770996,-13.0091238430871
"Latvia","LV",2017,14,14231.41,3.39633854840982,32.45,0.06,51.61,1.44,9.56320677261227,9.56320677261227,3.39633854840982
"Latvia","LV",2018,15,15650.25,9.96977811755828,32.68,-0.52,56.64,1.02,9.6582421702816,9.6582421702816,9.96977811755828
"Latvia","LV",2019,15,17931.22,14.5746553569432,29.05,-0.74,48.52,-0.68,9.79429860667146,9.79429860667146,14.5746553569432
"Latvia","LV",2020,15,18084.19,0.853093096844493,29.92,-0.75,48.49,-0.74,9.80279335488441,9.80279335488441,0.853093096844493
"Lebanon","LB",2015,5,8619.26,-2.9668572972486,108.09,-6.36,-70.99,-26.12,9.06175451310494,9.06175451310494,-2.9668572972486
"Lebanon","LB",2016,5,8540.39,-0.915043750855649,111.96,-7.91,-59.25,-17.09,9.0525619531872,9.0525619531872,-0.915043750855649
"Lebanon","LB",2017,5,8530.36,-0.117441943517793,116.42,-9.65,-65.9,-20.44,9.05138684358109,9.05138684358109,-0.117441943517793
"Lebanon","LB",2018,5,8778.47,2.90855251126563,118.74,-7.03,-61.11,-22.73,9.08005741176309,9.08005741176309,2.90855251126563
"Lebanon","LB",2019,3,9158.79,4.33241783590992,122.73,-11.07,-36.55,-22.06,9.12246935287285,9.12246935287285,4.33241783590992
"Lebanon","LB",2020,3,9133.46,-0.276564917418154,132.54,-11,-0.64,-22.63,9.11969987222502,9.11969987222502,-0.276564917418154
"Lithuania","LT",2015,14,16494.05,5.49932935787856,34.11,-0.62,38.67,3.47,9.71075498879406,9.71075498879406,5.49932935787856
"Lithuania","LT",2016,14,14174.88,-14.0606461117797,36.83,-0.27,46.71,-2.44,9.55922666295165,9.55922666295165,-14.0606461117797
"Lithuania","LT",2017,14,14904.01,5.1438177959884,36.12,0.23,47.95,-1.12,9.60938558324201,9.60938558324201,5.1438177959884
"Lithuania","LT",2018,15,16767.33,12.5021386861657,33.08,0.45,43.03,0.5,9.7271876292614,9.7271876292614,12.5021386861657
"Lithuania","LT",2019,15,19031.38,13.5027461140205,30.48,0.6,31.91,0.29,9.85384447473926,9.85384447473926,13.5027461140205
"Lithuania","LT",2020,15,19211.95,0.948801400634114,29.93,-0.34,32.23,0.33,9.86328776024125,9.86328776024125,0.948801400634114
"Luxembourg","LU",2015,20,120418.88,4.7177789606442,-12.73,1.32,320.17,5.16,11.6987316101946,11.6987316101946,4.7177789606442
"Luxembourg","LU",2016,20,102613.35,-14.7863275260491,-13.89,1.4,348.65,5.07,11.5387233202134,11.5387233202134,-14.7863275260491
"Luxembourg","LU",2017,20,105392.81,2.70867289685015,-16.84,1.79,371.74,4.94,11.5654496964438,11.5654496964438,2.70867289685015
"Luxembourg","LU",2018,20,108661.91,3.10182449827461,-17.21,1.35,377.6,4.9,11.5959965977165,11.5959965977165,3.10182449827461
"Luxembourg","LU",2019,20,117810.83,8.419620085824,-15.82,2.66,335.58,4.77,11.6768354814577,11.6768354814577,8.419620085824
"Luxembourg","LU",2020,20,114667.12,-2.66843888630612,-15.73,2.1,318.84,4.36,11.649788601168,11.649788601168,-2.66843888630612
"Malaysia","MY",2015,14,11183.81,2.88930288185101,46.54,-3.02,14.37,4.32,9.32222247577421,9.32222247577421,2.88930288185101
"Malaysia","MY",2016,14,9663.14,-13.597065758449,48.62,-2.94,21.07,2.99,9.17607392614852,9.17607392614852,-13.597065758449
"Malaysia","MY",2017,14,9523.15,-1.44870093986013,47.3,-2.99,28.92,2.39,9.16148095540886,9.16148095540886,-1.44870093986013
"Malaysia","MY",2018,14,9960.19,4.58923780471798,55.1,-2.94,25.52,2.79,9.20635142670191,9.20635142670191,4.58923780471798
"Malaysia","MY",2019,14,11072.39,11.1664536519886,53.97,-3.75,25.32,2.11,9.31220990122554,9.31220990122554,11.1664536519886
"Malaysia","MY",2020,14,11245.03,1.55919363389476,57.99,-3.4,25.32,1.93,9.32768153224224,9.32768153224224,1.55919363389476
"Malta","MT",2015,13,26321.95,9.5288900577023,57.64,-1.74,68.39,5.82,10.1781584708408,10.1781584708408,9.5288900577023
"Malta","MT",2016,14,24370.39,-7.41419233757378,52.78,-1.02,69.14,2.79,10.1011241497739,10.1011241497739,-7.41419233757378
"Malta","MT",2017,14,25426.64,4.33415304391929,46.76,0.91,57.3,3.81,10.143552722278,10.143552722278,4.33415304391929
"Malta","MT",2018,14,27740.29,9.09931473446748,40.6,3.41,49.99,11.48,10.2306411480319,10.2306411480319,9.09931473446748
"Malta","MT",2019,14,30595.71,10.2934035657161,37.82,1.91,48.21,11.3,10.3286150820337,10.3286150820337,10.2934035657161
"Malta","MT",2020,14,30444.9,-0.492912241618182,34.9,1,44.54,8.34,10.3236737714257,10.3236737714257,-0.492912241618182
"Mexico","MX",2015,13,10943.9,1.61193431188946,40.15,-2.54,43.09,-1.92,9.30053750239368,9.30053750239368,1.61193431188946
"Mexico","MX",2016,13,9632.59,-11.9821087546487,42.43,-2.74,46.81,-2.62,9.17290741982547,9.17290741982547,-11.9821087546487
"Mexico","MX",2017,13,8772.25,-8.93155423411565,43.54,-2.79,40.5,-2.24,9.07934860890367,9.07934860890367,-8.93155423411565
"Mexico","MX",2018,13,9336.01,6.42662942802588,40.86,-0.79,40.58,-1.68,9.14163424508835,9.14163424508835,6.42662942802588
"Mexico","MX",2019,13,9759.41,4.53512796151674,40.37,-1.83,37.14,-1.72,9.18598722676024,9.18598722676024,4.53512796151674
"Mexico","MX",2020,13,9958.4,2.03895522372766,41.87,-2.34,35.57,-1.43,9.20617169510396,9.20617169510396,2.03895522372766
"Mongolia","MN",2015,6,4080.95,-4.9668858750326,57.83,-11.28,136.08,-15.82,8.31408508343171,8.31408508343171,-4.9668858750326
"Mongolia","MN",2016,5,3842.26,-5.84888322571949,66.67,-8.53,178.21,-8.07,8.25381601412572,8.25381601412572,-5.84888322571949
"Mongolia","MN",2017,5,3585.49,-6.68278565219429,94.09,-15.29,252.05,-6.25,8.18465042430744,8.18465042430744,-6.68278565219429
"Mongolia","MN",2018,6,3595.27,0.272766065447128,85.5,-3.78,224.81,-10.11,8.1873743716465,8.1873743716465,0.272766065447128
"Mongolia","MN",2019,6,4035.27,12.2383019912274,74.89,2.6,189.3,-16.89,8.30282849296352,8.30282849296352,12.2383019912274
"Mongolia","MN",2020,6,4109.59,1.84176027874219,66.37,1.5,185.6,-15.03,8.32107854582325,8.32107854582325,1.84176027874219
"Montenegro","ME",2015,7,7384.43,2.77378419040435,56.85,-2.92,152.92,-12.41,8.90712900850665,8.90712900850665,2.77378419040435
"Montenegro","ME",2016,7,6516.49,-11.7536492322359,62.74,-8.28,157,-10.99,8.78209116640349,8.78209116640349,-11.7536492322359
"Montenegro","ME",2017,7,7032.47,7.91806632097956,61.14,-3.6,154.31,-16.24,8.85829327444663,8.85829327444663,7.91806632097956
"Montenegro","ME",2018,7,7803.67,10.9662750072165,60.08,-5.28,165.24,-16.08,8.96234941484175,8.96234941484175,10.9662750072165
"Montenegro","ME",2019,7,8767.75,12.354187196537,61.6,-3.75,153.27,-17.16,9.07883549600758,9.07883549600758,12.354187196537
"Montenegro","ME",2020,7,8665.48,-1.16643380570842,63.09,-3,161.47,-18.1,9.06710259588377,9.06710259588377,-1.16643380570842
"Montserrat","MS",2015,11,12274.51,-0.0791258385751448,-25.49,-6.16,-176.06,-19.88,9.41528003333235,9.41528003333235,-0.0791258385751448
"Montserrat","MS",2016,11,12884.18,4.96695998455337,-21.37,18.82,-164.37,-1.28,9.46375548117001,9.46375548117001,4.96695998455337
"Montserrat","MS",2017,11,13297.67,3.2092845644814,-19.94,-0.37,-193.32,-11.71,9.49534411089271,9.49534411089271,3.2092845644814
"Montserrat","MS",2018,11,12730.1,-4.2681913447995,-17.93,1.18,-169.59,-9.65,9.45172454698014,9.45172454698014,-4.2681913447995
"Montserrat","MS",2019,11,13356.12,4.91763615368301,-14.76,-6.5,-175.59,-2.02,9.49972998574915,9.49972998574915,4.91763615368301
"Montserrat","MS",2020,11,13682.97,2.44719274759435,-13.87,0,-181.77,-7.27,9.52390727287576,9.52390727287576,2.44719274759435
"Morocco","MA",2015,11,3219.46,1.61089754514869,45.77,-4.9,37.29,-5.97,8.07696892261157,8.07696892261157,1.61089754514869
"Morocco","MA",2016,11,2918.89,-9.33603772061153,46.98,-4.2,32.66,-2.14,7.97895868600565,7.97895868600565,-9.33603772061153
"Morocco","MA",2017,11,2942.11,0.795507881420687,48.85,-4.1,34.28,-4.21,7.98688228999334,7.98688228999334,0.795507881420687
"Morocco","MA",2018,11,3083.33,4.79995649380887,48.15,-3.5,31.39,-3.7,8.0337654607567,8.0337654607567,4.79995649380887
"Morocco","MA",2019,11,3288.87,6.66616936883175,49.52,-3.7,30.68,-5.5,8.0982993197162,8.0982993197162,6.66616936883175
"Morocco","MA",2020,11,3332.24,1.3186900059899,50.49,-3.7,26.02,-4.85,8.11140002950431,8.11140002950431,1.3186900059899
"Mozambique","MZ",2015,5,651.03,1.38601217821936,53.58,-1.7,199.13,-32.72,6.47855572409609,6.47855572409609,1.38601217821936
"Mozambique","MZ",2016,1,569.46,-12.5293765264273,76.94,-4.06,290.79,-37.41,6.34468854337046,6.34468854337046,-12.5293765264273
"Mozambique","MZ",2017,1,414.06,-27.2890106416605,96.61,-7.98,357.15,-32.22,6.02601089086057,6.02601089086057,-27.2890106416605
"Mozambique","MZ",2018,1,445.55,7.60517799352751,96.27,-6.46,263.84,-19.56,6.09930947405873,6.09930947405873,7.60517799352751
"Mozambique","MZ",2019,4,482.05,8.19212209628548,100.71,-9.24,293.87,-30.58,6.17804784311039,6.17804784311039,8.19212209628548
"Mozambique","MZ",2020,4,484.07,0.419043667669317,103.16,-6.5,278.3,-31.11,6.18222952435817,6.18222952435817,0.419043667669317
"Netherlands","NL",2015,20,53012.78,1.41035448530296,61.42,-2.15,218.42,8.17,10.8782882955421,10.8782882955421,1.41035448530296
"Netherlands","NL",2016,20,45297.69,-14.5532643260738,58.77,-2.02,216.91,6.29,10.7210113167934,10.7210113167934,-14.5532643260738
"Netherlands","NL",2017,20,46177.79,1.94292468335582,56.3,0.02,208.45,8.06,10.7402542255485,10.7402542255485,1.94292468335582
"Netherlands","NL",2018,20,48817.91,5.71729396318015,51.3,1.26,203.67,10.82,10.7958525327069,10.7958525327069,5.71729396318015
"Netherlands","NL",2019,20,53206.19,8.98907798387927,46.87,1.49,176.22,10.87,10.8819300219447,10.8819300219447,8.98907798387927
"Netherlands","NL",2020,20,52307.31,-1.68942748954587,43.66,1.3,175.91,9.52,10.8648914108405,10.8648914108405,-1.68942748954587
"New Zealand","NZ",2015,18,43847.65,8.04964981166074,20.42,-2.05,184.87,-2.42,10.688476404574,10.688476404574,8.04964981166074
"New Zealand","NZ",2016,18,41634.32,-5.04777336983853,20.21,-1.04,164.69,-3.32,10.6366801061239,10.6366801061239,-5.04777336983853
"New Zealand","NZ",2017,18,36977.75,-11.1844507127773,20.03,-0.67,189.5,-2.13,10.5180716593908,10.5180716593908,-11.1844507127773
"New Zealand","NZ",2018,18,41187.94,11.3857387212581,18.66,0.73,182.29,-2.48,10.6259007740406,10.6259007740406,11.3857387212581
"New Zealand","NZ",2019,18,42956.46,4.29378114079024,18.25,0.16,160.01,-3.22,10.6679423235529,10.6679423235529,4.29378114079024
"New Zealand","NZ",2020,18,41113.92,-4.28931992999423,19.42,-1.81,163.18,-3.41,10.6241020292745,10.6241020292745,-4.28931992999423
"Nicaragua","NI",2017,7,2099.2,3.08134253234795,30.98,-1.17,112.51,-7.25,7.64931159874977,7.64931159874977,3.08134253234795
"Nicaragua","NI",2018,5,2164.66,3.11833079268293,32.2,-1.25,105.38,-5.63,7.680018584224,7.680018584224,3.11833079268293
"Nicaragua","NI",2019,5,2030.05,-6.21852854489851,39.43,-3.11,116.9,0.63,7.61581570227438,7.61581570227438,-6.21852854489851
"Nicaragua","NI",2020,5,1906.32,-6.09492377035048,41.69,-1.8,114.52,3.56,7.55292996099299,7.55292996099299,-6.09492377035048
"Nigeria","NG",2015,7,3072.93,2.53490203406117,10.43,-1.76,2.63,0.17,8.03038678282776,8.03038678282776,2.53490203406117
"Nigeria","NG",2016,6,2647.63,-13.8402111339991,10.27,-3.5,28.42,-3.22,7.88142017919734,7.88142017919734,-13.8402111339991
"Nigeria","NG",2017,6,2090.47,-21.0437258982562,12.55,-3.95,36.94,0.7,7.64514420005983,7.64514420005983,-21.0437258982562
"Nigeria","NG",2018,6,1796.44,-14.065258052017,14.18,-5.41,40.15,3.03,7.49356220772142,7.49356220772142,-14.065258052017
"Nigeria","NG",2019,6,1819.92,1.30702945826189,13.67,-4.52,48.82,1.5,7.50654782306079,7.50654782306079,1.30702945826189
"Nigeria","NG",2020,6,1899.24,4.35843333772912,16.34,-3.7,49.09,1.28,7.54920908513319,7.54920908513319,4.35843333772912
"North Macedonia","MK",2015,8,5500.26,4.85733404251669,33.24,-4.21,25.11,-0.63,8.61255064283051,8.61255064283051,4.85733404251669
"North Macedonia","MK",2016,8,4864.03,-11.5672713653536,36.35,-3.44,26.86,-1.91,8.48962259139014,8.48962259139014,-11.5672713653536
"North Macedonia","MK",2017,8,5152.6,5.9327347898759,38.6,-2.68,28.26,-2.9,8.54725672063062,8.54725672063062,5.9327347898759
"North Macedonia","MK",2018,8,5452.6,5.82230330318674,40.36,-2.82,32.61,-0.86,8.60384783811852,8.60384783811852,5.82230330318674
"North Macedonia","MK",2019,8,6085.31,11.6038220298573,39.5,-1.08,24.37,-0.2,8.71363294907057,8.71363294907057,11.6038220298573
"North Macedonia","MK",2020,8,6094.74,0.154963346156545,40.76,-2.3,26.83,-1.1,8.71518138308917,8.71518138308917,0.154963346156545
"Norway","NO",2015,20,97574.98,-5.71646754631151,-175.74,8.62,-233.97,10.54,11.4883763870783,11.4883763870783,-5.71646754631151
"Norway","NO",2016,20,74673.78,-23.4703609470379,-204.47,6.02,-290.84,7.92,11.2208843054885,11.2208843054885,-23.4703609470379
"Norway","NO",2017,20,70782.36,-5.21122675187997,-206.47,4.06,-330.45,4.02,11.1673650960958,11.1673650960958,-5.21122675187997
"Norway","NO",2018,20,75764.54,7.03873111888329,-220.78,5,-367.88,4.67,11.2353856521468,11.2353856521468,7.03873111888329
"Norway","NO",2019,20,81986,8.21157232657916,-197.84,8.12,-285.07,7.2,11.3143037799628,11.3143037799628,8.21157232657916
"Norway","NO",2020,20,77191.91,-5.8474495645598,-197.08,7,-298.15,6.94,11.2540499377756,11.2540499377756,-5.8474495645598
"Oman","OM",2015,13,20207.08,-0.836655204717729,-68.57,-0.9,-80.93,5.21,9.91378831702976,9.91378831702976,-0.836655204717729
"Oman","OM",2016,11,16570.86,-17.9947820268936,-60.43,-17.48,-78.17,-15.87,9.71540101009975,9.71540101009975,-17.9947820268936
"Oman","OM",2017,9,14834.88,-10.4761008179419,-29.59,-21.05,-16.95,-19.15,9.60473644371344,9.60473644371344,-10.4761008179419
"Oman","OM",2018,9,15482.13,4.36302821458616,-10.28,-13.87,22.63,-15.55,9.64744173457736,9.64744173457736,4.36302821458616
"Oman","OM",2019,9,17227.68,11.2746114391237,-4.94,-8.69,19.87,-5.48,9.75427267158775,9.75427267158775,11.2746114391237
"Oman","OM",2020,9,16902.4,-1.88812422798659,0.41,-8.41,26.81,-7.21,9.73521090266276,9.73521090266276,-1.88812422798659
"Pakistan","PK",2015,5,1313.77,3.97945373528876,56.99,-5.52,92.58,-1.28,7.18065614567186,7.18065614567186,3.97945373528876
"Pakistan","PK",2016,6,1423.98,8.38883518424078,56.49,-5.31,82.86,-1.03,7.26121104692947,7.26121104692947,8.38883518424078
"Pakistan","PK",2017,6,1436.36,0.869394233065068,59.03,-4.64,92.7,-1.75,7.26986741456791,7.26986741456791,0.869394233065068
"Pakistan","PK",2018,6,1546.03,7.63527249436076,59.41,-5.84,111.92,-4.14,7.34344563387501,7.34344563387501,7.63527249436076
"Pakistan","PK",2019,5,1565.12,1.23477552182041,64.09,-6.53,140.07,-6.32,7.35571777735099,7.35571777735099,1.23477552182041
"Pakistan","PK",2020,5,1378.14,-11.9466877939072,76.54,-8.93,163.35,-4.9,7.22849004292972,7.22849004292972,-11.9466877939072
"Panama","PA",2015,12,12756.96,7.72730727332607,18.03,-3.37,24.34,-13.38,9.45383228399994,9.45383228399994,7.72730727332607
"Panama","PA",2016,12,13606.6,6.66020744754237,19.73,-2.54,43.96,-7.9,9.51831024812468,9.51831024812468,6.66020744754237
"Panama","PA",2017,12,14356.45,5.51092851998296,20.44,-1.93,51.82,-8,9.571954597555,9.571954597555,5.51092851998296
"Panama","PA",2018,12,15198.07,5.8623127583769,23.69,-1.86,65.34,-7.93,9.62892372508832,9.62892372508832,5.8623127583769
"Panama","PA",2019,13,15655.14,3.00742133705134,26.16,-2.1,73.58,-7.79,9.65855457655029,9.65855457655029,3.00742133705134
"Panama","PA",2020,13,16011.32,2.27516330099891,28.78,-3.2,70.61,-7.49,9.68105125106178,9.68105125106178,2.27516330099891
"Papua New Guinea","PG",2015,7,2992.72,6.87674990000571,18.06,-6.26,212.41,1.31,8.00393795185603,8.00393795185603,6.87674990000571
"Papua New Guinea","PG",2016,7,2742.9,-8.34759015210242,24.45,-4.58,231.87,11.16,7.91677103383849,7.91677103383849,-8.34759015210242
"Papua New Guinea","PG",2017,7,2567.58,-6.39177512851362,29.45,-4.74,188.45,21.76,7.85071910003199,7.85071910003199,-6.39177512851362
"Papua New Guinea","PG",2018,6,2706.38,5.40586856105749,30.02,-2.52,151.53,21.72,7.90336722754856,7.90336722754856,5.40586856105749
"Papua New Guinea","PG",2019,6,2790.42,3.10525499006051,28.4,-3.86,125.89,20.79,7.93394740112017,7.93394740112017,3.10525499006051
"Papua New Guinea","PG",2020,6,2813.9,0.84145039098058,29.07,-2.2,112.04,21.14,7.94232670044019,7.94232670044019,0.84145039098058
"Paraguay","PY",2015,9,6146.73,2.99963805272365,4.31,-0.55,-13.96,-0.13,8.72367551207703,8.72367551207703,2.99963805272365
"Paraguay","PY",2016,9,5447.12,-11.3818241569094,6.72,-1.82,-6.55,-0.4,8.6028423076165,8.6028423076165,-11.3818241569094
"Paraguay","PY",2017,9,5381.26,-1.20907929327791,8.58,-0.4,-8.34,3.62,8.59067782647861,8.59067782647861,-1.20907929327791
"Paraguay","PY",2018,9,5728.18,6.44681728814442,10.62,-0.85,-9.04,3.11,8.65315313272774,8.65315313272774,6.44681728814442
"Paraguay","PY",2019,9,5847.29,2.07936901424186,11.76,-1.23,-0.8,0.02,8.67373358503021,8.67373358503021,2.07936901424186
"Paraguay","PY",2020,9,5583.14,-4.51747732710366,14.18,-2.75,-1.16,-0.77,8.62750662111991,8.62750662111991,-4.51747732710366
"Peru","PE",2015,13,6486.01,-1.47079599503557,3.89,-0.27,5.71,-4.44,8.77740282864838,8.77740282864838,-1.47079599503557
"Peru","PE",2016,13,6113.71,-5.74004665426048,6.39,-2.15,20.87,-4.97,8.71828906920284,8.71828906920284,-5.74004665426048
"Peru","PE",2017,13,6119.61,0.0965044138501847,8.1,-2.35,21.93,-2.6,8.71925364798562,8.71925364798562,0.0965044138501847
"Peru","PE",2018,13,6661.09,8.84827627904394,9.78,-2.93,16.73,-1.25,8.80403841380666,8.80403841380666,8.84827627904394
"Peru","PE",2019,13,6925.47,3.96902008530136,12.08,-2.13,19.67,-1.59,8.84296119878857,8.84296119878857,3.96902008530136
"Peru","PE",2020,13,7027.15,1.46820360206599,13.55,-2,19.25,-1.4,8.85753649720032,8.85753649720032,1.46820360206599
"Philippines","PH",2015,12,2849.26,2.91747486897191,27.19,1.05,-20.11,3.78,7.95481459042522,7.95481459042522,2.91747486897191
"Philippines","PH",2016,12,2882.7,1.17363806742803,28.02,0.89,-20.76,2.48,7.96648263395133,7.96648263395133,1.17363806742803
"Philippines","PH",2017,12,2953.21,2.44597079127209,28.7,-0.63,-25.36,-0.39,7.99064799333667,7.99064799333667,2.44597079127209
"Philippines","PH",2018,12,2989.09,1.21494915701899,29.08,-0.47,-25.13,-0.68,8.00272427223545,8.00272427223545,1.21494915701899
"Philippines","PH",2019,13,3104.26,3.85301212074578,29.06,-1.42,-18.59,-2.64,8.04053064068179,8.04053064068179,3.85301212074578
"Philippines","PH",2020,13,3410.54,9.86644159960828,28.38,-1.8,-15.97,-2.21,8.13462591551155,8.13462591551155,9.86644159960828
"Poland","PL",2015,14,14345.42,4.15685875886704,46.83,-3.65,55.04,-2.09,9.57118600648111,9.57118600648111,4.15685875886704
"Poland","PL",2016,13,12566.07,-12.4036103508995,48.81,-2.62,56.21,-0.55,9.43875560353468,9.43875560353468,-12.4036103508995
"Poland","PL",2017,13,12432.81,-1.0604747546369,50.71,-2.37,48.49,-0.52,9.42809422492513,9.42809422492513,-1.0604747546369
"Poland","PL",2018,14,13861.87,11.4942639676791,47.66,-1.46,49.95,0,9.53689718427784,9.53689718427784,11.4942639676791
"Poland","PL",2019,14,15421.6,11.2519450838884,45.3,-0.24,36.57,-1,9.64352440308338,9.64352440308338,11.2519450838884
"Poland","PL",2020,14,15440.12,0.120091300513558,44.16,-1.5,36.34,-0.9,9.64472459556929,9.64472459556929,0.120091300513558
"Portugal","PT",2015,10,22048.07,2.11704146824276,120.62,-7.36,262.22,0.16,10.0009803486995,10.0009803486995,2.11704146824276
"Portugal","PT",2016,10,19218.82,-12.8321889398936,122.08,-4.45,266.94,0.23,9.86364528625872,9.86364528625872,-12.8321889398936
"Portugal","PT",2017,11,19961.22,3.86288023926549,120.37,-1.89,242.95,1.09,9.90154667024206,9.90154667024206,3.86288023926549
"Portugal","PT",2018,11,21471.46,7.56587022236115,115.99,-2.96,253.33,1.22,9.97447989042387,9.97447989042387,7.56587022236115
"Portugal","PT",2019,12,23399.16,8.97796423717809,113.92,-0.45,216.79,0.39,10.0604554032656,10.0604554032656,8.97796423717809
"Portugal","PT",2020,12,22868.77,-2.26670530053216,110.8,0,222.19,-0.68,10.037527503323,10.037527503323,-2.26670530053216
"Qatar","QA",2015,18,92252.78,-5.05655114241057,-96.08,16.21,-125.6,23.96,11.4322876969501,11.4322876969501,-5.05655114241057
"Qatar","QA",2016,18,66747.07,-27.647632949381,-113.04,-5.53,-153.92,8.5,11.108665680168,11.108665680168,-27.647632949381
"Qatar","QA",2017,17,58415.74,-12.4819411548702,-120.47,-2.87,-151.58,-5.45,10.9753406530501,10.9753406530501,-12.4819411548702
"Qatar","QA",2018,17,63190.57,8.17387573965511,-93.07,-1.53,-102.33,3.85,11.0539103601414,11.0539103601414,8.17387573965511
"Qatar","QA",2019,17,71555.42,13.2374973037907,-84.64,7.64,-89.36,8.7,11.1782275333385,11.1782275333385,13.2374973037907
"Qatar","QA",2020,17,72346.66,1.10577228112141,-96.97,4.22,-110.27,4.38,11.1892245665158,11.1892245665158,1.10577228112141
"Romania","RO",2015,11,10007.78,4.92722139102921,32.28,-1.19,48.46,-0.67,9.21111806949106,9.21111806949106,4.92722139102921
"Romania","RO",2016,11,8952.65,-10.5430974701682,31.74,-0.61,40.07,-1.23,9.09970485682856,9.09970485682856,-10.5430974701682
"Romania","RO",2017,11,9538.93,6.54867553182579,29.89,-2.62,28.95,-2.08,9.16313659882286,9.16313659882286,6.54867553182579
"Romania","RO",2018,11,10776.42,12.9730483398033,29.05,-2.64,30.89,-3.19,9.28511569283179,9.28511569283179,12.9730483398033
"Romania","RO",2019,11,12265.43,13.81729739561,29.83,-2.96,32.14,-4.6,9.41454001518933,9.41454001518933,13.81729739561
"Romania","RO",2020,11,12500.46,1.91619861676271,31.77,-4.3,36.53,-5.56,9.43352072261329,9.43352072261329,1.91619861676271
"Russia","RU",2015,10,14253.34,-11.0038412355891,-0.09,-2.33,-26.37,2.76,9.56474654419761,9.56474654419761,-11.0038412355891
"Russia","RU",2016,10,9356.43,-34.3562280840842,4.15,-3.39,-48.33,4.95,9.14381908645984,9.14381908645984,-34.3562280840842
"Russia","RU",2017,10,8765.75,-6.31309163858438,8.5,-4.46,-52.94,1.9,9.07860736129304,9.07860736129304,-6.31309163858438
"Russia","RU",2018,11,10752.82,22.6685680061603,9.66,-1.46,-52.12,2.05,9.28292332473587,9.28292332473587,22.6685680061603
"Russia","RU",2019,11,11312.02,5.20049624191607,5.37,2.92,-57.68,6.83,9.33362115616874,9.33362115616874,5.20049624191607
"Russia","RU",2020,11,11441.65,1.14594917618602,3.31,1.4,-70.74,4.72,9.34501548530276,9.34501548530276,1.14594917618602
"Rwanda","RW",2015,7,728.75,2.29649489745785,24.86,-4.02,46.62,-11.8,6.5913307376647,6.5913307376647,2.29649489745785
"Rwanda","RW",2016,6,732.54,0.52006861063465,29.89,-4.97,66.86,-15.31,6.59651794690882,6.59651794690882,0.52006861063465
"Rwanda","RW",2017,6,736.96,0.603380020203681,34.58,-3.35,94.02,-15.96,6.60253361663232,6.60253361663232,0.603380020203681
"Rwanda","RW",2018,6,774.66,5.11561007381676,39.5,-4.57,103.03,-7.76,6.65242422341468,6.65242422341468,5.11561007381676
"Rwanda","RW",2019,7,786.05,1.47032246404875,41.49,-4.79,108.92,-7.85,6.66702040363752,6.66702040363752,1.47032246404875
"Rwanda","RW",2020,7,807.64,2.74664461548249,44.65,-5.5,123.65,-9.88,6.69411641468217,6.69411641468217,2.74664461548249
"Saudi Arabia","SA",2015,16,24580.47,-1.25545384463659,-120.63,2.14,-225.28,9.75,10.109707504174,10.109707504174,-1.25545384463659
"Saudi Arabia","SA",2016,14,20756.36,-15.5575137497371,-121.75,-7.64,-309.45,-8.67,9.94060798471957,9.94060798471957,-15.5575137497371
"Saudi Arabia","SA",2017,14,20317.87,-2.11255730773605,-105.88,-15.9,-268.01,-3.7,9.91925607336348,9.91925607336348,-2.11255730773605
"Saudi Arabia","SA",2018,14,21460.46,5.62357176219752,-92.17,-6.6,-203.97,1.52,9.97396745118329,9.97396745118329,5.62357176219752
"Saudi Arabia","SA",2019,14,24256.06,13.0267477957136,-74.84,-2.28,-140.8,8.98,10.0964217620538,10.0964217620538,13.0267477957136
"Saudi Arabia","SA",2020,14,23115.35,-4.7027835518217,-72.75,-4.79,-148.85,5.45,10.0482521779906,10.0482521779906,-4.7027835518217
"Senegal","SN",2015,7,1394.8,29.4826449810158,36.74,-3.96,112.68,-6.81,7.2405063148015,7.2405063148015,29.4826449810158
"Senegal","SN",2016,7,1218.76,-12.6211643246343,38.85,-3.67,113.4,-5.32,7.1055892274066,7.1055892274066,-12.6211643246343
"Senegal","SN",2017,7,1269.04,4.12550461124421,42.97,-3.27,106.72,-4.19,7.1460159881002,7.1460159881002,4.12550461124421
"Senegal","SN",2018,7,1354.67,6.74762024837674,44.13,-2.98,123.66,-7.3,7.2113131612171,7.2113131612171,6.74762024837674
"Senegal","SN",2019,7,1480.73,9.30558733861382,50.8,-3.66,120.39,-8.22,7.30029048839694,7.30029048839694,9.30558733861382
"Senegal","SN",2020,7,1463.99,-1.13052345802408,52.21,-3,127.35,-8.35,7.28892086389684,7.28892086389684,-1.13052345802408
"Serbia","RS",2015,8,6598.94,-2.27846226750386,59.32,-6.2,71.05,-5.6,8.79466430905538,8.79466430905538,-2.27846226750386
"Serbia","RS",2016,8,5585.12,-15.3633765422931,63.61,-3.46,70.59,-3.45,8.62786119739602,8.62786119739602,-15.3633765422931
"Serbia","RS",2017,9,5756.38,3.06636204772681,62.12,-1.19,63.4,-2.93,8.65806408389626,8.65806408389626,3.06636204772681
"Serbia","RS",2018,9,6284.2,9.16930431972871,52.97,1.1,60.94,-5.25,8.74579382573092,8.74579382573092,9.16930431972871
"Serbia","RS",2019,10,7246.19,15.3080742178798,48.55,0.64,49.11,-5.19,8.88823109247476,8.88823109247476,15.3080742178798
"Serbia","RS",2020,10,7374.38,1.7690676065629,46.31,-0.5,42.94,-5.89,8.90576710987752,8.90576710987752,1.7690676065629
"Singapore","SG",2015,20,57564.8,1.0486167271369,-82.08,8.4,-60.11,17.95,10.9606665487684,10.9606665487684,1.0486167271369
"Singapore","SG",2016,20,55645.61,-3.33396450608706,-75.87,4.65,-64.62,17.22,10.9267584676981,10.9267584676981,-3.33396450608706
"Singapore","SG",2017,20,56722.27,1.93485164418181,-71.17,6.44,-69.08,17.5,10.9459221815617,10.9459221815617,1.93485164418181
"Singapore","SG",2018,20,60296.7,6.30163426111121,-46.54,9.86,-69.46,16.37,11.0070326548496,11.0070326548496,6.30163426111121
"Singapore","SG",2019,20,64579.95,7.1036225863107,-52.36,3.5,-68.32,17.87,11.0756592700785,11.0756592700785,7.1036225863107
"Singapore","SG",2020,20,63907.25,-1.04165456925872,-42.67,3,-61.14,15.62,11.0651880924586,11.0651880924586,-1.04165456925872
"Slovakia","SK",2015,16,18705.12,2.49083177310467,48.64,-3.11,34.02,1.14,9.83655256215862,9.83655256215862,2.49083177310467
"Slovakia","SK",2016,16,16322.82,-12.7360850932793,46.61,-2.67,37.75,-2.09,9.70031940770856,9.70031940770856,-12.7360850932793
"Slovakia","SK",2017,16,16531.01,1.27545362872346,46.31,-2.48,39.91,-2.74,9.71299328997691,9.71299328997691,1.27545362872346
"Slovakia","SK",2018,16,17566.3,6.26271474035767,44.9,-0.95,45,-1.91,9.77373757277823,9.77373757277823,6.26271474035767
"Slovakia","SK",2019,16,19466.87,10.8194098928061,42.66,-1.06,41.08,-2.64,9.87646932529914,9.87646932529914,10.8194098928061
"Slovakia","SK",2020,16,19335.19,-0.676431290700563,42.48,-0.8,43.04,-3.04,9.86968203073219,9.86968203073219,-0.676431290700563
"Slovenia","SI",2015,14,24257.69,3.15459438863812,61.45,-5.51,75.76,5.11,10.0964889594979,10.0964889594979,3.15459438863812
"Slovenia","SI",2016,15,20896.55,-13.8559772179461,61.45,-2.85,76.21,3.82,9.94733935255672,9.94733935255672,-13.8559772179461
"Slovenia","SI",2017,16,21646.18,3.58733857981341,61.64,-1.93,67.54,4.81,9.98258427444465,9.98258427444465,3.58733857981341
"Slovenia","SI",2018,16,23506.77,8.59546580505197,58.84,-0.01,62.56,6.13,10.0650437437501,10.0650437437501,8.59546580505197
"Slovenia","SI",2019,17,26143.96,11.2188531218879,52.34,0.77,45.93,5.67,10.1713734676708,10.1713734676708,11.2188531218879
"Slovenia","SI",2020,17,26069.9,-0.283277667193482,48.77,0.8,44.48,5.07,10.1685366710936,10.1685366710936,-0.283277667193482
"South Africa","ZA",2015,11,6503.84,-5.79919846239189,43.4,-3.67,17.89,-5.07,8.78014805067905,8.78014805067905,-5.79919846239189
"South Africa","ZA",2016,11,5797.49,-10.860507023543,46.49,-3.73,8.37,-4.62,8.66518034424679,8.66518034424679,-10.860507023543
"South Africa","ZA",2017,9,5327.96,-8.09884967460056,47.55,-3.57,29.62,-2.87,8.58072370468454,8.58072370468454,-8.09884967460056
"South Africa","ZA",2018,9,6179.34,15.9794743203778,49.37,-4.02,45.64,-2.54,8.72896674863212,8.72896674863212,15.9794743203778
"South Africa","ZA",2019,9,6379.98,3.24694870325957,53.08,-4.26,40.57,-3.55,8.76092024153768,8.76092024153768,3.24694870325957
"South Africa","ZA",2020,9,6023.02,-5.59500186520959,57.75,-6,48.95,-3.91,8.70334407364256,8.70334407364256,-5.59500186520959
"Spain","ES",2015,13,29480.91,1.65715355652849,89.03,-5.92,244.91,1.7,10.2914982142122,10.2914982142122,1.65715355652849
"Spain","ES",2016,13,25739.45,-12.6911279197284,88.36,-5.18,255.51,2.03,10.1557801134005,10.1557801134005,-12.6911279197284
"Spain","ES",2017,13,26548.38,3.14276334575914,89.39,-4.31,239.56,3.18,10.1867240078593,10.1867240078593,3.14276334575914
"Spain","ES",2018,14,28210.39,6.260306655246,87.93,-3.02,258.46,2.68,10.2474456287853,10.2474456287853,6.260306655246
"Spain","ES",2019,15,30429.43,7.86603800940009,86.51,-2.54,228.36,1.94,10.3231655112006,10.3231655112006,7.86603800940009
"Spain","ES",2020,15,29852.24,-1.89681502413945,85.78,-2,228.11,1.6,10.3040151578813,10.3040151578813,-1.89681502413945
"Sri Lanka","LK",2015,7,3819.25,5.78790069495803,70.7,-5.71,127.37,-2.5,8.24780934724583,8.24780934724583,5.78790069495803
"Sri Lanka","LK",2016,7,3844.51,0.661386397852981,76.98,-7.57,136.61,-2.34,8.25440143558733,8.25440143558733,0.661386397852981
"Sri Lanka","LK",2017,7,3886.29,1.08674447458843,77.77,-5.34,141.62,-2.12,8.26521025401861,8.26521025401861,1.08674447458843
"Sri Lanka","LK",2018,6,4104.63,5.61821171348511,76.3,-5.47,143.12,-2.62,8.31987088384127,8.31987088384127,5.61821171348511
"Sri Lanka","LK",2019,6,4104.38,-0.00609068296045789,82.05,-5.26,139.1,-3.16,8.31980997515677,8.31980997515677,-0.00609068296045789
"Sri Lanka","LK",2020,6,3917.63,-4.55001729859321,82.96,-5.8,151.14,-2.75,8.27324215810843,8.27324215810843,-4.55001729859321
"Suriname","SR",2015,8,9378.77,0.284640430275407,29.27,-5.86,13.37,-7.95,9.14620390333801,9.14620390333801,0.284640430275407
"Suriname","SR",2016,7,8439.08,-10.0193308930702,47.8,-9.83,52.91,-16.43,9.04062857690922,9.04062857690922,-10.0193308930702
"Suriname","SR",2017,6,5434.42,-35.6041179844248,63.9,-11.28,72.28,-5.13,8.60050807812941,8.60050807812941,-35.6041179844248
"Suriname","SR",2018,6,5502.37,1.25036342424767,71.47,-9.32,57.83,1.9,8.61293418749681,8.61293418749681,1.25036342424767
"Suriname","SR",2019,6,5849.88,6.31564216873821,66.53,-11.46,57.56,-3.41,8.674176427195,8.674176427195,6.31564216873821
"Suriname","SR",2020,6,6634.72,13.4163435831162,64.07,-6.31,56.14,-0.98,8.8000717454237,8.8000717454237,13.4163435831162
"Sweden","SE",2015,20,60161.49,-1.66615833775465,29.15,-1.53,120.43,4.5,11.0047877256043,11.0047877256043,-1.66615833775465
"Sweden","SE",2016,20,51670.49,-14.1136796977602,29.03,0,119.39,4.11,10.8526421044954,10.8526421044954,-14.1136796977602
"Sweden","SE",2017,20,52354.43,1.32365688809997,27.09,0.99,116.53,3.76,10.86579183545,10.86579183545,1.32365688809997
"Sweden","SE",2018,20,54080.74,3.29735229664423,24.82,1.43,120.26,2.79,10.8982333940552,10.8982333940552,3.29735229664423
"Sweden","SE",2019,20,54946.58,1.60101359559799,24.18,0.81,119.74,1.72,10.9141167194963,10.9141167194963,1.60101359559799
"Sweden","SE",2020,20,52567.42,-4.32995101787955,23.31,0,127.92,2.96,10.8698518151886,10.8698518151886,-4.32995101787955
"Switzerland","CH",2015,20,86090.23,1.77754979331255,21.13,-0.21,24.22,8.63,11.3631512112712,11.3631512112712,1.77754979331255
"Switzerland","CH",2016,20,81640.69,-5.16846104372122,20.8,0.64,26.86,11.25,11.3100830686274,11.3100830686274,-5.16846104372122
"Switzerland","CH",2017,20,79732.19,-2.33768234932851,19.53,0.33,29.16,9.46,11.2864286728228,11.2864286728228,-2.33768234932851
"Switzerland","CH",2018,20,80143.81,0.516253222192931,19.18,1.23,13.89,6.52,11.2915779248619,11.2915779248619,0.516253222192931
"Switzerland","CH",2019,20,82525.41,2.97165807315625,17.23,1.39,16.69,10.5,11.3208615249005,11.3208615249005,2.97165807315625
"Switzerland","CH",2020,20,82986.72,0.558991466991809,16.08,0.85,15.54,10.87,11.3264358739774,11.3264358739774,0.558991466991809
"Taiwan","TW",2015,17,22846.19,4.10098705104942,40.11,-0.84,-94.49,11.32,10.0365396428136,10.0365396428136,4.10098705104942
"Taiwan","TW",2016,17,22759.59,-0.37905663920329,37.42,0.1,-110.84,13.61,10.0327418740183,10.0327418740183,-0.37905663920329
"Taiwan","TW",2017,17,23076.02,1.39031502764329,36.33,-0.31,-119.23,13.12,10.0465492620777,10.0465492620777,1.39031502764329
"Taiwan","TW",2018,17,25064.37,8.61652052650326,34.77,-0.14,-111.82,14.06,10.1292025947318,10.1292025947318,8.61652052650326
"Taiwan","TW",2019,17,25786.51,2.8811416365143,33.62,0.02,-103.58,11.65,10.1576067659494,10.1576067659494,2.8811416365143
"Taiwan","TW",2020,17,25931.23,0.561223678582334,33.05,-0.5,-108.14,10.69,10.1632033128107,10.1632033128107,0.561223678582334
"Tajikistan","TJ",2018,5,800.99,0.645850348683785,39.52,-5.06,76.31,2.22,6.68584846259592,6.68584846259592,0.645850348683785
"Tajikistan","TJ",2019,5,825.13,3.01377045905691,40.75,-3.32,85.55,-5.03,6.7155409496785,6.7155409496785,3.01377045905691
"Tajikistan","TJ",2020,5,850.75,3.10496527819859,41.31,-3.1,87.9,-3.58,6.74611831338102,6.74611831338102,3.10496527819859
"Thailand","TH",2015,13,5953.79,-3.4791842292977,20.12,0.01,-14.56,2.86,8.69178327054726,8.69178327054726,-3.4791842292977
"Thailand","TH",2016,13,5844.88,-1.82925497876143,20.86,0.97,-20.75,6.92,8.67332134332758,8.67332134332758,-1.82925497876143
"Thailand","TH",2017,13,5987.98,2.44829662884438,21.24,1.26,-25.17,10.53,8.69750940552058,8.69750940552058,2.44829662884438
"Thailand","TH",2018,13,6594.61,10.1307953600379,22.48,0.79,-26.37,9.65,8.79400792769396,8.79400792769396,10.1307953600379
"Thailand","TH",2019,13,7292.58,10.5839465866822,22.91,1.06,-24.93,5.63,8.89461267185654,8.89461267185654,10.5839465866822
"Thailand","TH",2020,13,7816.01,7.17756952957664,24.14,-1,-26.2,6.31,8.96392947314862,8.96392947314862,7.17756952957664
"Trinidad and Tobago","TT",2015,15,20527.01,1.50308756744781,19.58,-2.5,-68.31,14.5,9.92949685888031,9.92949685888031,1.50308756744781
"Trinidad and Tobago","TT",2016,14,18569.69,-9.535339048405,37.53,-1.7,-80.8,6.96,9.8292859606156,9.8292859606156,-9.535339048405
"Trinidad and Tobago","TT",2017,13,16459.84,-11.3617944079842,31.75,-5.36,-89.28,-4.4,9.70867875364919,9.70867875364919,-11.3617944079842
"Trinidad and Tobago","TT",2018,13,16566.56,0.64836596224509,31.23,-8.88,-67.78,5.5,9.71514148476409,9.71514148476409,0.64836596224509
"Trinidad and Tobago","TT",2019,12,17516.51,5.73414154779264,26.88,-3.53,-57.23,5,9.770899143734,9.770899143734,5.73414154779264
"Trinidad and Tobago","TT",2020,12,17730.49,1.22159037388156,27.45,-2.41,-47.14,5.18,9.7830410354602,9.7830410354602,1.22159037388156
"Turkey","TR",2015,10,12031.83,-3.05425315992648,25.18,-0.79,121.03,-4.67,9.39531091710044,9.39531091710044,-3.05425315992648
"Turkey","TR",2016,9,10938.74,-9.08498540953454,23.62,-0.95,125.46,-3.73,9.30006589566839,9.30006589566839,-9.08498540953454
"Turkey","TR",2017,9,10818.74,-1.09701848658986,24.59,-1.72,131.65,-3.84,9.28903509460289,9.28903509460289,-1.09701848658986
"Turkey","TR",2018,7,10555.17,-2.43623564296767,24.01,-1.98,135.68,-5.55,9.26437106626357,9.26437106626357,-2.43623564296767
"Turkey","TR",2019,7,9399.7,-10.9469577467724,26.96,-2.8,120.28,-3.51,9.14843305285519,9.14843305285519,-10.9469577467724
"Turkey","TR",2020,7,9067.4,-3.53521920912371,28.46,-3.2,113.47,-0.05,9.11244084269812,9.11244084269812,-3.53521920912371
"Uganda","UG",2015,6,716.64,4.6648167080473,20.27,-3.87,48.44,-7.78,6.57457362245899,6.57457362245899,4.6648167080473
"Uganda","UG",2016,6,625.18,-12.7623353427104,24.45,-4.38,61.67,-6.66,6.43803960827236,6.43803960827236,-12.7623353427104
"Uganda","UG",2017,6,612.79,-1.98182923318084,29.54,-4.86,65.55,-3.27,6.41802229975537,6.41802229975537,-1.98182923318084
"Uganda","UG",2018,6,632.6,3.23275510370602,30.31,-3.81,72.63,-5.47,6.44983831087155,6.44983831087155,3.23275510370602
"Uganda","UG",2019,6,672.93,6.37527663610495,33.17,-4.52,81.14,-8.65,6.51164131234804,6.51164131234804,6.37527663610495
"Uganda","UG",2020,6,721.01,7.14487390961913,35.65,-5.62,89.74,-9.59,6.58065300681429,6.58065300681429,7.14487390961913
"Ukraine","UA",2015,5,2906.71,-26.3051277175635,68.06,-10.27,135.69,-3.48,7.97477713638067,7.97477713638067,-26.3051277175635
"Ukraine","UA",2016,5,2112.64,-27.3185147469132,76.07,-3.16,152.25,1.78,7.65569362922477,7.65569362922477,-27.3185147469132
"Ukraine","UA",2017,5,2183.46,3.35220387761286,78.73,-2.17,143.11,-1.44,7.68866605354554,7.68866605354554,3.35220387761286
"Ukraine","UA",2018,5,2635.54,20.7047530066958,69.03,-1.38,119.33,-2.18,7.87684337356578,7.87684337356578,20.7047530066958
"Ukraine","UA",2019,6,3084.5,17.0348391600962,58.87,-2.11,103.62,-3.34,8.03414484864969,8.03414484864969,17.0348391600962
"Ukraine","UA",2020,6,3549,15.0591668017507,51.91,-2.3,90.65,-2.9,8.1744211526465,8.1744211526465,15.0591668017507
"United Kingdom","GB",2015,20,47429.67,9.13450420767867,82.29,-5.56,285.98,-4.72,10.7670032612257,10.7670032612257,9.13450420767867
"United Kingdom","GB",2016,18,44979.13,-5.1666815307802,82.9,-4.59,284.88,-4.91,10.7139538833965,10.7139538833965,-5.1666815307802
"United Kingdom","GB",2017,18,41041.28,-8.75483807712599,82.5,-3.35,257.23,-5.21,10.6223336684421,10.6223336684421,-8.75483807712599
"United Kingdom","GB",2018,18,40374.17,-1.62546099926708,82.19,-2.44,273.89,-3.49,10.6059455030381,10.6059455030381,-1.62546099926708
"United Kingdom","GB",2019,18,42981.29,6.45739590436163,81.72,-2.29,236.68,-4.32,10.6685201837061,10.6685201837061,6.45739590436163
"United Kingdom","GB",2020,18,41944.55,-2.41207278795029,82.14,-2.55,239.64,-4.74,10.6441037868881,10.6441037868881,-2.41207278795029
"United States","US",2015,19,54992.03,3.60728054022259,78.56,-4.36,308.48,-2.08,10.9149435446234,10.9149435446234,3.60728054022259
"United States","US",2016,19,56750.9,3.1984089330763,78.59,-4,329.24,-2.24,10.9464267942487,10.9464267942487,3.1984089330763
"United States","US",2017,19,57844.33,1.92671834279281,80.15,-4.79,339.14,-2.29,10.9655107157181,10.9655107157181,1.92671834279281
"United States","US",2018,19,59822.7,3.42016235644875,80.67,-3.71,334.28,-2.26,10.9991404665716,10.9991404665716,3.42016235644875
"United States","US",2019,19,62765.33,4.91891873820474,81.31,-6.03,316.17,-2.39,11.0471581299458,11.0471581299458,4.91891873820474
"United States","US",2020,19,64852.17,3.32482916922447,82.71,-4.92,315.32,-1.41,11.0798656510198,11.0798656510198,3.32482916922447
"Uruguay","UY",2015,12,16814.32,-0.863930758187226,50.29,-2.87,37.04,-3.17,9.72998618327339,9.72998618327339,-0.863930758187226
"Uruguay","UY",2016,12,15524.84,-7.66893933266406,52.02,-3.52,40.76,-0.92,9.65019660079044,9.65019660079044,-7.66893933266406
"Uruguay","UY",2017,12,15298.35,-1.45888782106611,50.87,-2.4,37.38,0.62,9.63550025842778,9.63550025842778,-1.45888782106611
"Uruguay","UY",2018,12,17221.4,12.5703098700187,55.9,-3.53,26.8,0.78,9.75390807549,9.75390807549,12.5703098700187
"Uruguay","UY",2019,12,17279.26,0.33597733053059,58.64,-2.69,31.14,-0.58,9.757262217367,9.757262217367,0.33597733053059
"Uruguay","UY",2020,12,16241.93,-6.00332421643055,62.34,-2.48,31.64,-0.65,9.69535144901901,9.69535144901901,-6.00332421643055
"Venezuela","VE",2015,3,16056.16,28.7697621841239,21.16,-15.55,88.94,1.02,9.6838478555486,9.6838478555486,28.7697621841239
"Vietnam","VN",2015,8,2052.32,7.58875212313113,45.9,-6.29,28.57,5.03,7.62672613955154,7.62672613955154,7.58875212313113
"Vietnam","VN",2016,8,2107.01,2.66478911670696,49.26,-6.44,37.32,-1.06,7.65302515987741,7.65302515987741,2.66478911670696
"Vietnam","VN",2017,8,2214.53,5.10296581411573,51.66,-3.86,37.84,0.3,7.70279547034758,7.70279547034758,5.10296581411573
"Vietnam","VN",2018,8,2388.99,7.87796959174178,46.68,-4.72,34.39,-0.74,7.77862596146523,7.77862596146523,7.87796959174178
"Vietnam","VN",2019,9,2590.31,8.42699215986673,42.61,-4.8,29,2.41,7.85953283865086,7.85953283865086,8.42699215986673
"Vietnam","VN",2020,9,2718.73,4.9577077647077,43.18,-4.6,22.46,2.14,7.9079201384881,7.9079201384881,4.9577077647077
"Zambia","ZM",2015,6,1738.09,-6.08979900583532,28.09,-4.77,43,2.14,7.46054208814399,7.46054208814399,-6.08979900583532
"Zambia","ZM",2016,6,1319.42,-24.0879356074772,51.92,-9.41,90.73,-2.69,7.18494752507922,7.18494752507922,-24.0879356074772
"Zambia","ZM",2017,6,1262.93,-4.28142668748389,54.71,-5.75,110.49,-3.27,7.14118969721993,7.14118969721993,-4.28142668748389
"Zambia","ZM",2018,5,1513.28,19.8229513908134,57.9,-7.59,112.04,-1.68,7.32203475945551,7.32203475945551,19.8229513908134
"Zambia","ZM",2019,4,1517.31,0.266308944808635,67.9,-7.24,106.23,-1.28,7.32469430916393,7.32469430916393,0.266308944808635
"Zambia","ZM",2020,4,1356.1,-10.6247240181637,72.91,-7,131.2,-1.9,7.2123682120939,7.2123682120939,-10.6247240181637
"Ethiopia","ET",2016,6,806.26,9.12806908313255,22.79,-1.87,169.93,-10.95,6.69240627113384,6.69240627113384,9.12806908313255
"Ethiopia","ET",2017,6,866.89,7.519906729839,25.45,-3.28,192.19,-9.85,6.7649120944522,6.7649120944522,7.519906729839
"Ethiopia","ET",2018,6,870.8,0.4510376172294,28.28,-3.03,190.81,-7.86,6.76941232936039,6.76941232936039,0.4510376172294
"Ethiopia","ET",2019,6,973.49,11.7926045016077,26.52,-2.53,200.61,-7.39,6.88088755254583,6.88088755254583,11.7926045016077
"Ethiopia","ET",2020,5,1072.29,10.1490513513236,27.85,-2.76,232.21,-5.54,6.97755182743422,6.97755182743422,10.1490513513236
"Madagascar","MG",2016,1,475.956,1.86629454922138,50.7721991666666,-5.05179211904762,88.0690451666663,0.378,6.16532541298407,6.16532541298407,1.86629454922138
"Madagascar","MG",2017,1,515.293,8.26483960702249,50.4154474999999,-4.84350795238095,88.2733201666664,-0.229,6.2447356709221,6.2447356709221,8.26483960702249
"Madagascar","MG",2018,1,518.401,0.603151993137874,51.2010288333333,-5.05581211904761,90.3628449999998,0.72,6.25074907404855,6.25074907404855,0.603151993137874
"Madagascar","MG",2019,1,526.225,1.50925634788515,53.9919883333333,-5.89789545238099,92.6736701785719,-2.329,6.26572887792991,6.26572887792991,1.50925634788515
"Madagascar","MG",2020,1,495.49,-5.84065751342107,53.3491397499999,-6.15886895238099,95.5860945000004,-4.16614966666663,6.20554717193168,6.20554717193168,-5.84065751342107
